final_model,status,risk,probability,agreement,reason,lstm_prob,rf_prob,agreement_score
Both Models,Normal,Low,0.060353897511959076,Full Agreement (Normal),Both LSTM and Random Forest detect normal consumption,,,
Both Models,Normal,Low,0.045838020741939545,Full Agreement (Normal),Both LSTM and Random Forest detect normal consumption,,,
Both Models,Normal,Low,0.055432189255952835,Full Agreement (Normal),Both LSTM and Random Forest detect normal consumption,,,
Both Models,Normal,Low,0.07393616437911987,Full Agreement (Normal),Both LSTM and Random Forest detect normal consumption,,,
LSTM,Suspicious,Medium,0.1352054625749588,High,Decision based on LSTM with threshold logic,0.1352054625749588,0.012663117894446017,0.8774576553194873
LSTM,Suspicious,Medium,0.11426462978124619,High,Decision based on LSTM with threshold logic,0.11426462978124619,0.001464228242384003,0.8871995984611378
LSTM,Suspicious,Medium,0.11123310029506683,High,Decision based on LSTM with threshold logic,0.11123310029506683,0.04056483429702093,0.9293317340019541
LSTM,Suspicious,Medium,0.09731510281562805,High,Decision based on LSTM with threshold logic,0.09731510281562805,0.0017112676149813929,0.9043961647993534
Both Models,Normal,Low,0.04735362529754639,Full Agreement (Normal),Both LSTM and Random Forest detect normal consumption,,,
Both Models,Normal,Low,0.028081947937607765,Full Agreement (Normal),Both LSTM and Random Forest detect normal consumption,,,
Both Models,Normal,Low,0.024891044944524765,Full Agreement (Normal),Both LSTM and Random Forest detect normal consumption,,,
Both Models,Normal,Low,0.018435996025800705,Full Agreement (Normal),Both LSTM and Random Forest detect normal consumption,,,
Both Models,Normal,Low,0.02032544091542838,Full Agreement (Normal),Both LSTM and Random Forest detect normal consumption,,,
Both Models,Normal,Low,0.03819850388257574,Full Agreement (Normal),Both LSTM and Random Forest detect normal consumption,,,
Both Models,Normal,Low,0.0227702297270298,Full Agreement (Normal),Both LSTM and Random Forest detect normal consumption,,,
Both Models,Normal,Low,0.021584082394838333,Full Agreement (Normal),Both LSTM and Random Forest detect normal consumption,,,
Both Models,Normal,Low,0.02678673528134823,Full Agreement (Normal),Both LSTM and Random Forest detect normal consumption,,,
Both Models,Normal,Low,0.0332331582903862,Full Agreement (Normal),Both LSTM and Random Forest detect normal consumption,,,
Both Models,Normal,Low,0.0410412959754467,Full Agreement (Normal),Both LSTM and Random Forest detect normal consumption,,,
Both Models,Normal,Low,0.034325990825891495,Full Agreement (Normal),Both LSTM and Random Forest detect normal consumption,,,
Both Models,Normal,Low,0.13462447655176024,Full Agreement (Normal),Both LSTM and Random Forest detect normal consumption,,,
Both Models,Normal,Low,0.019749058410525322,Full Agreement (Normal),Both LSTM and Random Forest detect normal consumption,,,
Both Models,Normal,Low,0.02733561396598816,Full Agreement (Normal),Both LSTM and Random Forest detect normal consumption,,,
Both Models,Normal,Low,0.05068064481019974,Full Agreement (Normal),Both LSTM and Random Forest detect normal consumption,,,
LSTM,Suspicious,Medium,0.07552876323461533,High,Decision based on LSTM with threshold logic,0.07552876323461533,0.0024227620706537495,0.9268939988360384
LSTM,Suspicious,Medium,0.11296096444129944,High,Decision based on LSTM with threshold logic,0.11296096444129944,0.001178670801629897,0.8882177063603305
LSTM,Suspicious,Medium,0.11776376515626907,High,Decision based on LSTM with threshold logic,0.11776376515626907,0.0009310660421133643,0.8831673008858443
Both Models,Normal,Low,0.07207149267196655,Full Agreement (Normal),Both LSTM and Random Forest detect normal consumption,,,
Both Models,Normal,Low,0.04560919106006622,Full Agreement (Normal),Both LSTM and Random Forest detect normal consumption,,,
Both Models,Normal,Low,0.03746654465794563,Full Agreement (Normal),Both LSTM and Random Forest detect normal consumption,,,
Both Models,Normal,Low,0.039779242128133774,Full Agreement (Normal),Both LSTM and Random Forest detect normal consumption,,,
Both Models,Normal,Low,0.05086628720164299,Full Agreement (Normal),Both LSTM and Random Forest detect normal consumption,,,
Both Models,Normal,Low,0.04612630978226662,Full Agreement (Normal),Both LSTM and Random Forest detect normal consumption,,,
Random Forest,Anomaly,High,0.5535274831272562,Low,Decision based on Random Forest with threshold logic,0.04168069735169411,0.5535274831272562,0.4881532142244379
Both Models,Normal,Low,0.04366394504904747,Full Agreement (Normal),Both LSTM and Random Forest detect normal consumption,,,
Both Models,Normal,Low,0.02725990116596222,Full Agreement (Normal),Both LSTM and Random Forest detect normal consumption,,,
Both Models,Normal,Low,0.02186882682144642,Full Agreement (Normal),Both LSTM and Random Forest detect normal consumption,,,
Both Models,Normal,Low,0.020685946568846703,Full Agreement (Normal),Both LSTM and Random Forest detect normal consumption,,,
Both Models,Normal,Low,0.020928001031279564,Full Agreement (Normal),Both LSTM and Random Forest detect normal consumption,,,
Both Models,Normal,Low,0.029576685279607773,Full Agreement (Normal),Both LSTM and Random Forest detect normal consumption,,,
Both Models,Normal,Low,0.03527282923460007,Full Agreement (Normal),Both LSTM and Random Forest detect normal consumption,,,
Both Models,Normal,Low,0.03448446840047836,Full Agreement (Normal),Both LSTM and Random Forest detect normal consumption,,,
Both Models,Normal,Low,0.03266134113073349,Full Agreement (Normal),Both LSTM and Random Forest detect normal consumption,,,
Both Models,Normal,Low,0.02568439207971096,Full Agreement (Normal),Both LSTM and Random Forest detect normal consumption,,,
Both Models,Normal,Low,0.02434920147061348,Full Agreement (Normal),Both LSTM and Random Forest detect normal consumption,,,
Both Models,Normal,Low,0.022180628031492233,Full Agreement (Normal),Both LSTM and Random Forest detect normal consumption,,,
Both Models,Normal,Low,0.022936074063181877,Full Agreement (Normal),Both LSTM and Random Forest detect normal consumption,,,
Random Forest,Anomaly,High,0.8946153846153847,Low,Decision based on Random Forest with threshold logic,0.02139025554060936,0.8946153846153847,0.12677487092522466
Both Models,Normal,Low,0.019745847210288048,Full Agreement (Normal),Both LSTM and Random Forest detect normal consumption,,,
Both Models,Normal,Low,0.02208271436393261,Full Agreement (Normal),Both LSTM and Random Forest detect normal consumption,,,
Both Models,Normal,Low,0.02239271067082882,Full Agreement (Normal),Both LSTM and Random Forest detect normal consumption,,,
Both Models,Normal,Low,0.02278360165655613,Full Agreement (Normal),Both LSTM and Random Forest detect normal consumption,,,
Both Models,Normal,Low,0.0231213066726923,Full Agreement (Normal),Both LSTM and Random Forest detect normal consumption,,,
Both Models,Normal,Low,0.02154705487191677,Full Agreement (Normal),Both LSTM and Random Forest detect normal consumption,,,
Both Models,Normal,Low,0.020045973360538483,Full Agreement (Normal),Both LSTM and Random Forest detect normal consumption,,,
Both Models,Normal,Low,0.019544506445527077,Full Agreement (Normal),Both LSTM and Random Forest detect normal consumption,,,
Both Models,Normal,Low,0.019834719598293304,Full Agreement (Normal),Both LSTM and Random Forest detect normal consumption,,,
Both Models,Normal,Low,0.01832694001495838,Full Agreement (Normal),Both LSTM and Random Forest detect normal consumption,,,
Both Models,Normal,Low,0.018368830904364586,Full Agreement (Normal),Both LSTM and Random Forest detect normal consumption,,,
Both Models,Normal,Low,0.02345598116517067,Full Agreement (Normal),Both LSTM and Random Forest detect normal consumption,,,
Both Models,Normal,Low,0.029220562428236008,Full Agreement (Normal),Both LSTM and Random Forest detect normal consumption,,,
Both Models,Normal,Low,0.023368654772639275,Full Agreement (Normal),Both LSTM and Random Forest detect normal consumption,,,
Both Models,Normal,Low,0.023501209914684296,Full Agreement (Normal),Both LSTM and Random Forest detect normal consumption,,,
Both Models,Normal,Low,0.0409703254699707,Full Agreement (Normal),Both LSTM and Random Forest detect normal consumption,,,
Both Models,Normal,Low,0.07081083208322525,Full Agreement (Normal),Both LSTM and Random Forest detect normal consumption,,,
LSTM,Suspicious,Medium,0.10154738277196884,High,Decision based on LSTM with threshold logic,0.10154738277196884,0.0019530464708339362,0.9004056636988651
LSTM,Suspicious,Medium,0.10344526916742325,High,Decision based on LSTM with threshold logic,0.10344526916742325,0.0005618884126333962,0.8971166192452101
LSTM,Suspicious,Medium,0.07671395689249039,High,Decision based on LSTM with threshold logic,0.07671395689249039,0.0009953427749845166,0.9242813858824941
LSTM,Suspicious,Medium,0.08505212515592575,High,Decision based on LSTM with threshold logic,0.08505212515592575,0.0032444882299164355,0.9181923630739907
LSTM,Suspicious,Medium,0.16544735431671143,High,Decision based on LSTM with threshold logic,0.16544735431671143,0.0032925926468589132,0.8378452383301475
LSTM,Suspicious,Medium,0.21662969887256622,Low,Decision based on LSTM with threshold logic,0.21662969887256622,0.0017415458232027741,0.7851118469506365
LSTM,Suspicious,Medium,0.18361346423625946,High,Decision based on LSTM with threshold logic,0.18361346423625946,0.0007651537647297608,0.8171516895284703
LSTM,Suspicious,Medium,0.17123669385910034,High,Decision based on LSTM with threshold logic,0.17123669385910034,0.004799274221990705,0.8335625803628903
LSTM,Suspicious,Medium,0.09518258273601532,High,Decision based on LSTM with threshold logic,0.09518258273601532,0.001648199319479995,0.9064656165834647
Both Models,Normal,Low,0.05783654749393463,Full Agreement (Normal),Both LSTM and Random Forest detect normal consumption,,,
Both Models,Normal,Low,0.03538055345416069,Full Agreement (Normal),Both LSTM and Random Forest detect normal consumption,,,
Both Models,Normal,Low,0.022158576175570488,Full Agreement (Normal),Both LSTM and Random Forest detect normal consumption,,,
Random Forest,Suspicious,Medium,0.4368105772380905,Low,Decision based on Random Forest with threshold logic,0.019285351037979126,0.4368105772380905,0.5824747737998885
Both Models,Normal,Low,0.018027644604444504,Full Agreement (Normal),Both LSTM and Random Forest detect normal consumption,,,
Both Models,Normal,Low,0.016361074522137642,Full Agreement (Normal),Both LSTM and Random Forest detect normal consumption,,,
Both Models,Normal,Low,0.018157681450247765,Full Agreement (Normal),Both LSTM and Random Forest detect normal consumption,,,
Both Models,Normal,Low,0.018493544310331345,Full Agreement (Normal),Both LSTM and Random Forest detect normal consumption,,,
Both Models,Normal,Low,0.0185985304415226,Full Agreement (Normal),Both LSTM and Random Forest detect normal consumption,,,
Both Models,Normal,Low,0.018227864056825638,Full Agreement (Normal),Both LSTM and Random Forest detect normal consumption,,,
Both Models,Normal,Low,0.020041421055793762,Full Agreement (Normal),Both LSTM and Random Forest detect normal consumption,,,
Both Models,Normal,Low,0.022781794890761375,Full Agreement (Normal),Both LSTM and Random Forest detect normal consumption,,,
Both Models,Normal,Low,0.026108913123607635,Full Agreement (Normal),Both LSTM and Random Forest detect normal consumption,,,
Both Models,Normal,Low,0.0242708008736372,Full Agreement (Normal),Both LSTM and Random Forest detect normal consumption,,,
Both Models,Normal,Low,0.023419637233018875,Full Agreement (Normal),Both LSTM and Random Forest detect normal consumption,,,
Both Models,Normal,Low,0.02127116173505783,Full Agreement (Normal),Both LSTM and Random Forest detect normal consumption,,,
Both Models,Normal,Low,0.021201178431510925,Full Agreement (Normal),Both LSTM and Random Forest detect normal consumption,,,
Both Models,Normal,Low,0.02330133318901062,Full Agreement (Normal),Both LSTM and Random Forest detect normal consumption,,,
Both Models,Normal,Low,0.026918241754174232,Full Agreement (Normal),Both LSTM and Random Forest detect normal consumption,,,
Both Models,Normal,Low,0.028226211667060852,Full Agreement (Normal),Both LSTM and Random Forest detect normal consumption,,,
Both Models,Normal,Low,0.022197499871253967,Full Agreement (Normal),Both LSTM and Random Forest detect normal consumption,,,
Both Models,Normal,Low,0.017988169565796852,Full Agreement (Normal),Both LSTM and Random Forest detect normal consumption,,,
Both Models,Normal,Low,0.018767183646559715,Full Agreement (Normal),Both LSTM and Random Forest detect normal consumption,,,
Both Models,Normal,Low,0.018364889547228813,Full Agreement (Normal),Both LSTM and Random Forest detect normal consumption,,,
Both Models,Normal,Low,0.017247909680008888,Full Agreement (Normal),Both LSTM and Random Forest detect normal consumption,,,
Both Models,Normal,Low,0.016051188111305237,Full Agreement (Normal),Both LSTM and Random Forest detect normal consumption,,,
Both Models,Normal,Low,0.01559089682996273,Full Agreement (Normal),Both LSTM and Random Forest detect normal consumption,,,
Both Models,Normal,Low,0.014988577924668789,Full Agreement (Normal),Both LSTM and Random Forest detect normal consumption,,,
Both Models,Normal,Low,0.015208312310278416,Full Agreement (Normal),Both LSTM and Random Forest detect normal consumption,,,
Both Models,Normal,Low,0.01618220843374729,Full Agreement (Normal),Both LSTM and Random Forest detect normal consumption,,,
Both Models,Normal,Low,0.016808435320854187,Full Agreement (Normal),Both LSTM and Random Forest detect normal consumption,,,
Both Models,Normal,Low,0.017995517700910568,Full Agreement (Normal),Both LSTM and Random Forest detect normal consumption,,,
Both Models,Normal,Low,0.018028156831860542,Full Agreement (Normal),Both LSTM and Random Forest detect normal consumption,,,
Both Models,Normal,Low,0.019587932154536247,Full Agreement (Normal),Both LSTM and Random Forest detect normal consumption,,,
Both Models,Normal,Low,0.02254117839038372,Full Agreement (Normal),Both LSTM and Random Forest detect normal consumption,,,
Both Models,Normal,Low,0.03574267774820328,Full Agreement (Normal),Both LSTM and Random Forest detect normal consumption,,,
Both Models,Normal,Low,0.05714372918009758,Full Agreement (Normal),Both LSTM and Random Forest detect normal consumption,,,
LSTM,Suspicious,Medium,0.08020433783531189,High,Decision based on LSTM with threshold logic,0.08020433783531189,0.004915820706069842,0.924711482870758
LSTM,Suspicious,Medium,0.14055024087429047,High,Decision based on LSTM with threshold logic,0.14055024087429047,0.0010387772109588832,0.8604885363366684
LSTM,Suspicious,Medium,0.11588534712791443,High,Decision based on LSTM with threshold logic,0.11588534712791443,0.006370889858433097,0.8904855427305187
LSTM,Suspicious,Medium,0.09305157512426376,High,Decision based on LSTM with threshold logic,0.09305157512426376,0.010870223439204909,0.9178186483149411
Both Models,Normal,Low,0.059770941734313965,Full Agreement (Normal),Both LSTM and Random Forest detect normal consumption,,,
Both Models,Normal,Low,0.04595516249537468,Full Agreement (Normal),Both LSTM and Random Forest detect normal consumption,,,
Both Models,Normal,Low,0.05458743870258331,Full Agreement (Normal),Both LSTM and Random Forest detect normal consumption,,,
Both Models,Normal,Low,0.043141353875398636,Full Agreement (Normal),Both LSTM and Random Forest detect normal consumption,,,
Both Models,Normal,Low,0.026177940890192986,Full Agreement (Normal),Both LSTM and Random Forest detect normal consumption,,,
Both Models,Normal,Low,0.018125483766198158,Full Agreement (Normal),Both LSTM and Random Forest detect normal consumption,,,
Both Models,Normal,Low,0.017441976815462112,Full Agreement (Normal),Both LSTM and Random Forest detect normal consumption,,,
Both Models,Normal,Low,0.018962405622005463,Full Agreement (Normal),Both LSTM and Random Forest detect normal consumption,,,
Both Models,Normal,Low,0.01715965010225773,Full Agreement (Normal),Both LSTM and Random Forest detect normal consumption,,,
Both Models,Normal,Low,0.01905282959342003,Full Agreement (Normal),Both LSTM and Random Forest detect normal consumption,,,
Both Models,Normal,Low,0.020564861595630646,Full Agreement (Normal),Both LSTM and Random Forest detect normal consumption,,,
Both Models,Normal,Low,0.020769471302628517,Full Agreement (Normal),Both LSTM and Random Forest detect normal consumption,,,
Both Models,Normal,Low,0.019223609939217567,Full Agreement (Normal),Both LSTM and Random Forest detect normal consumption,,,
Both Models,Normal,Low,0.01785731501877308,Full Agreement (Normal),Both LSTM and Random Forest detect normal consumption,,,
Both Models,Normal,Low,0.01821543648838997,Full Agreement (Normal),Both LSTM and Random Forest detect normal consumption,,,
Both Models,Normal,Low,0.019104579463601112,Full Agreement (Normal),Both LSTM and Random Forest detect normal consumption,,,
Both Models,Normal,Low,0.021151481196284294,Full Agreement (Normal),Both LSTM and Random Forest detect normal consumption,,,
Both Models,Normal,Low,0.025030074641108513,Full Agreement (Normal),Both LSTM and Random Forest detect normal consumption,,,
Both Models,Normal,Low,0.030751094222068787,Full Agreement (Normal),Both LSTM and Random Forest detect normal consumption,,,
Both Models,Normal,Low,0.0315077044069767,Full Agreement (Normal),Both LSTM and Random Forest detect normal consumption,,,
Both Models,Normal,Low,0.032675568014383316,Full Agreement (Normal),Both LSTM and Random Forest detect normal consumption,,,
Both Models,Normal,Low,0.03805428743362427,Full Agreement (Normal),Both LSTM and Random Forest detect normal consumption,,,
Both Models,Normal,Low,0.04022105038166046,Full Agreement (Normal),Both LSTM and Random Forest detect normal consumption,,,
Both Models,Normal,Low,0.03273359686136246,Full Agreement (Normal),Both LSTM and Random Forest detect normal consumption,,,
Both Models,Normal,Low,0.0303422249853611,Full Agreement (Normal),Both LSTM and Random Forest detect normal consumption,,,
Both Models,Normal,Low,0.029605315998196602,Full Agreement (Normal),Both LSTM and Random Forest detect normal consumption,,,
Both Models,Normal,Low,0.10268273880681072,Full Agreement (Normal),Both LSTM and Random Forest detect normal consumption,,,
Both Models,Normal,Low,0.02180122584104538,Full Agreement (Normal),Both LSTM and Random Forest detect normal consumption,,,
Both Models,Normal,Low,0.020399991422891617,Full Agreement (Normal),Both LSTM and Random Forest detect normal consumption,,,
Both Models,Normal,Low,0.03571392479159488,Full Agreement (Normal),Both LSTM and Random Forest detect normal consumption,,,
Random Forest,Anomaly,High,0.5578054572530813,Low,Decision based on Random Forest with threshold logic,0.02668130211532116,0.5578054572530813,0.4688758448622399
Both Models,Normal,Low,0.02327628619968891,Full Agreement (Normal),Both LSTM and Random Forest detect normal consumption,,,
Both Models,Normal,Low,0.018367977812886238,Full Agreement (Normal),Both LSTM and Random Forest detect normal consumption,,,
Both Models,Normal,Low,0.016806552186608315,Full Agreement (Normal),Both LSTM and Random Forest detect normal consumption,,,
Both Models,Normal,Low,0.017208995297551155,Full Agreement (Normal),Both LSTM and Random Forest detect normal consumption,,,
Both Models,Normal,Low,0.0161029901355505,Full Agreement (Normal),Both LSTM and Random Forest detect normal consumption,,,
Both Models,Normal,Low,0.015249674208462238,Full Agreement (Normal),Both LSTM and Random Forest detect normal consumption,,,
Both Models,Normal,Low,0.014584640972316265,Full Agreement (Normal),Both LSTM and Random Forest detect normal consumption,,,
Both Models,Normal,Low,0.01602844148874283,Full Agreement (Normal),Both LSTM and Random Forest detect normal consumption,,,
Both Models,Normal,Low,0.024279791861772537,Full Agreement (Normal),Both LSTM and Random Forest detect normal consumption,,,
Both Models,Normal,Low,0.03873961791396141,Full Agreement (Normal),Both LSTM and Random Forest detect normal consumption,,,
Both Models,Normal,Low,0.04110560938715935,Full Agreement (Normal),Both LSTM and Random Forest detect normal consumption,,,
Both Models,Normal,Low,0.03931676968932152,Full Agreement (Normal),Both LSTM and Random Forest detect normal consumption,,,
Both Models,Normal,Low,0.038188569247722626,Full Agreement (Normal),Both LSTM and Random Forest detect normal consumption,,,
Both Models,Normal,Low,0.029694844037294388,Full Agreement (Normal),Both LSTM and Random Forest detect normal consumption,,,
Both Models,Normal,Low,0.02413201332092285,Full Agreement (Normal),Both LSTM and Random Forest detect normal consumption,,,
Both Models,Normal,Low,0.031652048230171204,Full Agreement (Normal),Both LSTM and Random Forest detect normal consumption,,,
Both Models,Normal,Low,0.03953127562999725,Full Agreement (Normal),Both LSTM and Random Forest detect normal consumption,,,
Both Models,Normal,Low,0.04836873710155487,Full Agreement (Normal),Both LSTM and Random Forest detect normal consumption,,,
LSTM,Suspicious,Medium,0.07585201412439346,High,Decision based on LSTM with threshold logic,0.07585201412439346,0.0018105399597322888,0.9259585258353389
LSTM,Suspicious,Medium,0.0818425863981247,High,Decision based on LSTM with threshold logic,0.0818425863981247,0.0015453660439547958,0.9197027796458301
Both Models,Normal,Low,0.054181843996047974,Full Agreement (Normal),Both LSTM and Random Forest detect normal consumption,,,
Both Models,Normal,Low,0.044680189341306686,Full Agreement (Normal),Both LSTM and Random Forest detect normal consumption,,,
Both Models,Normal,Low,0.037364427000284195,Full Agreement (Normal),Both LSTM and Random Forest detect normal consumption,,,
Both Models,Normal,Low,0.024020150303840637,Full Agreement (Normal),Both LSTM and Random Forest detect normal consumption,,,
Both Models,Normal,Low,0.01991710625588894,Full Agreement (Normal),Both LSTM and Random Forest detect normal consumption,,,
Both Models,Normal,Low,0.020029885694384575,Full Agreement (Normal),Both LSTM and Random Forest detect normal consumption,,,
Both Models,Normal,Low,0.019240546971559525,Full Agreement (Normal),Both LSTM and Random Forest detect normal consumption,,,
Both Models,Normal,Low,0.019382456317543983,Full Agreement (Normal),Both LSTM and Random Forest detect normal consumption,,,
Both Models,Normal,Low,0.02186504378914833,Full Agreement (Normal),Both LSTM and Random Forest detect normal consumption,,,
Both Models,Normal,Low,0.021379679441452026,Full Agreement (Normal),Both LSTM and Random Forest detect normal consumption,,,
Both Models,Normal,Low,0.019593507051467896,Full Agreement (Normal),Both LSTM and Random Forest detect normal consumption,,,
Both Models,Normal,Low,0.016877371817827225,Full Agreement (Normal),Both LSTM and Random Forest detect normal consumption,,,
Both Models,Normal,Low,0.01629679836332798,Full Agreement (Normal),Both LSTM and Random Forest detect normal consumption,,,
Both Models,Normal,Low,0.01840239018201828,Full Agreement (Normal),Both LSTM and Random Forest detect normal consumption,,,
Both Models,Normal,Low,0.022575054317712784,Full Agreement (Normal),Both LSTM and Random Forest detect normal consumption,,,
Both Models,Normal,Low,0.023295581340789795,Full Agreement (Normal),Both LSTM and Random Forest detect normal consumption,,,
Both Models,Normal,Low,0.022528300061821938,Full Agreement (Normal),Both LSTM and Random Forest detect normal consumption,,,
Both Models,Normal,Low,0.019099825993180275,Full Agreement (Normal),Both LSTM and Random Forest detect normal consumption,,,
Both Models,Normal,Low,0.01827196404337883,Full Agreement (Normal),Both LSTM and Random Forest detect normal consumption,,,
Both Models,Normal,Low,0.028497466817498207,Full Agreement (Normal),Both LSTM and Random Forest detect normal consumption,,,
Random Forest,Anomaly,High,0.7103716638594435,Low,Decision based on Random Forest with threshold logic,0.04589788615703583,0.7103716638594435,0.3355262222975923
Both Models,Normal,Low,0.049560531973838806,Full Agreement (Normal),Both LSTM and Random Forest detect normal consumption,,,
LSTM,Suspicious,Medium,0.10094860196113586,High,Decision based on LSTM with threshold logic,0.10094860196113586,0.0009234244688999517,0.8999748225077641
LSTM,Suspicious,Medium,0.29204097390174866,Low,Decision based on LSTM with threshold logic,0.29204097390174866,0.004042778106735869,0.7120018042049872
LSTM,Suspicious,Medium,0.48092120885849,Low,Decision based on LSTM with threshold logic,0.48092120885849,0.0014383432958106513,0.5205171344373207
LSTM,Anomaly,High,0.5565656423568726,Low,Decision based on LSTM with threshold logic,0.5565656423568726,0.0002909715233612039,0.44372532916648866
LSTM,Suspicious,Medium,0.48891481757164,Low,Decision based on LSTM with threshold logic,0.48891481757164,0.001026151429791634,0.5121113338581516
Random Forest,Anomaly,High,0.756953643340447,Low,Decision based on Random Forest with threshold logic,0.40499383211135864,0.756953643340447,0.6480401887709116
LSTM,Suspicious,Medium,0.44124293327331543,Low,Decision based on LSTM with threshold logic,0.44124293327331543,0.07427697807675114,0.6330340448034357
LSTM,Anomaly,High,0.5081667900085449,Low,Decision based on LSTM with threshold logic,0.5081667900085449,0.000823070008020775,0.4926562799994758
LSTM,Suspicious,Medium,0.3827207684516907,Low,Decision based on LSTM with threshold logic,0.3827207684516907,0.009732993100600338,0.6270122246489096
LSTM,Suspicious,Medium,0.2284410297870636,Low,Decision based on LSTM with threshold logic,0.2284410297870636,0.012670538685485101,0.7842295088984215
Random Forest,Anomaly,High,0.7955633255633257,Low,Decision based on Random Forest with threshold logic,0.15913112461566925,0.7955633255633257,0.3635677990523436
LSTM,Suspicious,Medium,0.22528493404388428,Low,Decision based on LSTM with threshold logic,0.22528493404388428,0.018320561761950786,0.7930356277180666
LSTM,Suspicious,Medium,0.25529658794403076,Low,Decision based on LSTM with threshold logic,0.25529658794403076,0.015062763521166539,0.7597661755771358
Random Forest,Anomaly,High,0.6158487343171819,Low,Decision based on Random Forest with threshold logic,0.18634560704231262,0.6158487343171819,0.5704968727251307
Random Forest,Anomaly,High,0.8885311889282904,Low,Decision based on Random Forest with threshold logic,0.15678896009922028,0.8885311889282904,0.26825777117092986
Random Forest,Anomaly,High,0.8678758040741005,Low,Decision based on Random Forest with threshold logic,0.1762283593416214,0.8678758040741005,0.3083525552675209
LSTM,Suspicious,Medium,0.18082481622695923,High,Decision based on LSTM with threshold logic,0.18082481622695923,0.008176748242623521,0.8273519320156643
LSTM,Suspicious,Medium,0.1845530867576599,High,Decision based on LSTM with threshold logic,0.1845530867576599,0.006726370024674802,0.8221732832670149
LSTM,Suspicious,Medium,0.1242121160030365,High,Decision based on LSTM with threshold logic,0.1242121160030365,0.10913119998027028,0.9849190839772338
Random Forest,Anomaly,High,0.8,Low,Decision based on Random Forest with threshold logic,0.0638304352760315,0.8,0.26383043527603145
Both Models,Normal,Low,0.03727816790342331,Full Agreement (Normal),Both LSTM and Random Forest detect normal consumption,,,
Random Forest,Anomaly,High,0.7773767682176532,Low,Decision based on Random Forest with threshold logic,0.02385660447180271,0.7773767682176532,0.2464798362541495
Random Forest,Anomaly,High,0.7594452403891023,Low,Decision based on Random Forest with threshold logic,0.02443421445786953,0.7594452403891023,0.2649889740687672
Random Forest,Anomaly,High,0.7401274950565596,Low,Decision based on Random Forest with threshold logic,0.03776818886399269,0.7401274950565596,0.2976406938074331
Both Models,Normal,Low,0.0483248345553875,Full Agreement (Normal),Both LSTM and Random Forest detect normal consumption,,,
Random Forest,Suspicious,Medium,0.344807216333405,Low,Decision based on Random Forest with threshold logic,0.03910130262374878,0.344807216333405,0.6942940862903437
Both Models,Normal,Low,0.09626497375548922,Full Agreement (Normal),Both LSTM and Random Forest detect normal consumption,,,
Both Models,Normal,Low,0.029115092009305954,Full Agreement (Normal),Both LSTM and Random Forest detect normal consumption,,,
Random Forest,Suspicious,Medium,0.375955333906986,Low,Decision based on Random Forest with threshold logic,0.028497692197561264,0.375955333906986,0.6525423582905753
Both Models,Normal,Low,0.023211732506752014,Full Agreement (Normal),Both LSTM and Random Forest detect normal consumption,,,
Both Models,Normal,Low,0.01988271437585354,Full Agreement (Normal),Both LSTM and Random Forest detect normal consumption,,,
Both Models,Normal,Low,0.019115718081593513,Full Agreement (Normal),Both LSTM and Random Forest detect normal consumption,,,
Both Models,Normal,Low,0.279529748511709,Full Agreement (Normal),Both LSTM and Random Forest detect normal consumption,,,
Both Models,Normal,Low,0.01909351907670498,Full Agreement (Normal),Both LSTM and Random Forest detect normal consumption,,,
Both Models,Normal,Low,0.01881551183760166,Full Agreement (Normal),Both LSTM and Random Forest detect normal consumption,,,
Both Models,Normal,Low,0.017429420724511147,Full Agreement (Normal),Both LSTM and Random Forest detect normal consumption,,,
Both Models,Normal,Low,0.01671675406396389,Full Agreement (Normal),Both LSTM and Random Forest detect normal consumption,,,
Both Models,Normal,Low,0.01965213194489479,Full Agreement (Normal),Both LSTM and Random Forest detect normal consumption,,,
Both Models,Normal,Low,0.025157038122415543,Full Agreement (Normal),Both LSTM and Random Forest detect normal consumption,,,
Both Models,Normal,Low,0.023588594049215317,Full Agreement (Normal),Both LSTM and Random Forest detect normal consumption,,,
Both Models,Normal,Low,0.024020778015255928,Full Agreement (Normal),Both LSTM and Random Forest detect normal consumption,,,
Both Models,Normal,Low,0.024392103776335716,Full Agreement (Normal),Both LSTM and Random Forest detect normal consumption,,,
Both Models,Normal,Low,0.021751053631305695,Full Agreement (Normal),Both LSTM and Random Forest detect normal consumption,,,
Both Models,Normal,Low,0.03107505664229393,Full Agreement (Normal),Both LSTM and Random Forest detect normal consumption,,,
Both Models,Normal,Low,0.029937511309981346,Full Agreement (Normal),Both LSTM and Random Forest detect normal consumption,,,
Both Models,Normal,Low,0.025241278111934662,Full Agreement (Normal),Both LSTM and Random Forest detect normal consumption,,,
Both Models,Normal,Low,0.02085711434483528,Full Agreement (Normal),Both LSTM and Random Forest detect normal consumption,,,
Both Models,Normal,Low,0.01878482475876808,Full Agreement (Normal),Both LSTM and Random Forest detect normal consumption,,,
Both Models,Normal,Low,0.02033390663564205,Full Agreement (Normal),Both LSTM and Random Forest detect normal consumption,,,
Both Models,Normal,Low,0.01972443424165249,Full Agreement (Normal),Both LSTM and Random Forest detect normal consumption,,,
Both Models,Normal,Low,0.017430685766588683,Full Agreement (Normal),Both LSTM and Random Forest detect normal consumption,,,
Both Models,Normal,Low,0.015442079864442348,Full Agreement (Normal),Both LSTM and Random Forest detect normal consumption,,,
Both Models,Normal,Low,0.01719062402844429,Full Agreement (Normal),Both LSTM and Random Forest detect normal consumption,,,
Both Models,Normal,Low,0.019137250259518623,Full Agreement (Normal),Both LSTM and Random Forest detect normal consumption,,,
Both Models,Normal,Low,0.02013389952480793,Full Agreement (Normal),Both LSTM and Random Forest detect normal consumption,,,
Both Models,Normal,Low,0.023497752845287323,Full Agreement (Normal),Both LSTM and Random Forest detect normal consumption,,,
Both Models,Normal,Low,0.021639779210090637,Full Agreement (Normal),Both LSTM and Random Forest detect normal consumption,,,
Both Models,Normal,Low,0.021680662408471107,Full Agreement (Normal),Both LSTM and Random Forest detect normal consumption,,,
Both Models,Normal,Low,0.02191062457859516,Full Agreement (Normal),Both LSTM and Random Forest detect normal consumption,,,
Both Models,Normal,Low,0.054371498760585266,Full Agreement (Normal),Both LSTM and Random Forest detect normal consumption,,,
Both Models,Normal,Low,0.01885790377855301,Full Agreement (Normal),Both LSTM and Random Forest detect normal consumption,,,
Both Models,Normal,Low,0.018721552565693855,Full Agreement (Normal),Both LSTM and Random Forest detect normal consumption,,,
Both Models,Normal,Low,0.019190283492207527,Full Agreement (Normal),Both LSTM and Random Forest detect normal consumption,,,
Both Models,Normal,Low,0.017726661637425423,Full Agreement (Normal),Both LSTM and Random Forest detect normal consumption,,,
Both Models,Normal,Low,0.017548125237226486,Full Agreement (Normal),Both LSTM and Random Forest detect normal consumption,,,
Both Models,Normal,Low,0.01769978180527687,Full Agreement (Normal),Both LSTM and Random Forest detect normal consumption,,,
Both Models,Normal,Low,0.01713717356324196,Full Agreement (Normal),Both LSTM and Random Forest detect normal consumption,,,
Both Models,Normal,Low,0.016122285276651382,Full Agreement (Normal),Both LSTM and Random Forest detect normal consumption,,,
Both Models,Normal,Low,0.015778101980686188,Full Agreement (Normal),Both LSTM and Random Forest detect normal consumption,,,
Both Models,Normal,Low,0.015753300860524178,Full Agreement (Normal),Both LSTM and Random Forest detect normal consumption,,,
Both Models,Normal,Low,0.01581256277859211,Full Agreement (Normal),Both LSTM and Random Forest detect normal consumption,,,
Both Models,Normal,Low,0.02569439820945263,Full Agreement (Normal),Both LSTM and Random Forest detect normal consumption,,,
Both Models,Normal,Low,0.037313010543584824,Full Agreement (Normal),Both LSTM and Random Forest detect normal consumption,,,
Both Models,Normal,Low,0.03135736659169197,Full Agreement (Normal),Both LSTM and Random Forest detect normal consumption,,,
Both Models,Normal,Low,0.03906428441405296,Full Agreement (Normal),Both LSTM and Random Forest detect normal consumption,,,
Both Models,Normal,Low,0.06473208218812943,Full Agreement (Normal),Both LSTM and Random Forest detect normal consumption,,,
LSTM,Suspicious,Medium,0.1530410200357437,High,Decision based on LSTM with threshold logic,0.1530410200357437,0.0006369885369315102,0.8475959685011878
LSTM,Suspicious,Medium,0.3697788715362549,Low,Decision based on LSTM with threshold logic,0.3697788715362549,0.0008342566717376784,0.6310553851354828
LSTM,Anomaly,High,0.5386325716972351,Low,Decision based on LSTM with threshold logic,0.5386325716972351,0.0019556183578715715,0.4633230466606365
LSTM,Anomaly,High,0.6004928350448608,Low,Decision based on LSTM with threshold logic,0.6004928350448608,0.020301125363972612,0.4198082903191118
LSTM,Anomaly,High,0.6649465560913086,Low,Decision based on LSTM with threshold logic,0.6649465560913086,0.0019195503830719085,0.3369729942917633
LSTM,Anomaly,High,0.6724944114685059,Low,Decision based on LSTM with threshold logic,0.6724944114685059,0.0014229301748388446,0.328928518706333
LSTM,Anomaly,High,0.543526828289032,Low,Decision based on LSTM with threshold logic,0.543526828289032,0.0012013435886993305,0.4576745152996673
LSTM,Suspicious,Medium,0.2513316571712494,Low,Decision based on LSTM with threshold logic,0.2513316571712494,0.0018733639030248444,0.7505417067317754
LSTM,Suspicious,Medium,0.09362226724624634,High,Decision based on LSTM with threshold logic,0.09362226724624634,0.01752533108542869,0.9239030638391823
Both Models,Normal,Low,0.053547732532024384,Full Agreement (Normal),Both LSTM and Random Forest detect normal consumption,,,
Random Forest,Anomaly,High,0.8245192113585895,Low,Decision based on Random Forest with threshold logic,0.026268228888511658,0.8245192113585895,0.20174901752992214
Random Forest,Suspicious,Medium,0.3902605951736014,Low,Decision based on Random Forest with threshold logic,0.022854723036289215,0.3902605951736014,0.6325941278626879
Random Forest,Anomaly,High,0.7426598353292921,Low,Decision based on Random Forest with threshold logic,0.02566547319293022,0.7426598353292921,0.2830056378636381
Random Forest,Anomaly,High,0.7878364529956984,Low,Decision based on Random Forest with threshold logic,0.019192807376384735,0.7878364529956984,0.23135635438068636
Both Models,Normal,Low,0.055987853747624626,Full Agreement (Normal),Both LSTM and Random Forest detect normal consumption,,,
Both Models,Normal,Low,0.2096365935967416,Full Agreement (Normal),Both LSTM and Random Forest detect normal consumption,,,
Random Forest,Suspicious,Medium,0.4555112078696984,Low,Decision based on Random Forest with threshold logic,0.026239484548568726,0.4555112078696984,0.5707282766788704
Both Models,Normal,Low,0.03386061129560467,Full Agreement (Normal),Both LSTM and Random Forest detect normal consumption,,,
Both Models,Normal,Low,0.02336033061146736,Full Agreement (Normal),Both LSTM and Random Forest detect normal consumption,,,
Both Models,Normal,Low,0.021118871867656708,Full Agreement (Normal),Both LSTM and Random Forest detect normal consumption,,,
Both Models,Normal,Low,0.020953964442014694,Full Agreement (Normal),Both LSTM and Random Forest detect normal consumption,,,
Both Models,Normal,Low,0.021706266328692436,Full Agreement (Normal),Both LSTM and Random Forest detect normal consumption,,,
Both Models,Normal,Low,0.019586559385061264,Full Agreement (Normal),Both LSTM and Random Forest detect normal consumption,,,
Both Models,Normal,Low,0.02612539567053318,Full Agreement (Normal),Both LSTM and Random Forest detect normal consumption,,,
Both Models,Normal,Low,0.03170301020145416,Full Agreement (Normal),Both LSTM and Random Forest detect normal consumption,,,
Both Models,Normal,Low,0.03495307266712189,Full Agreement (Normal),Both LSTM and Random Forest detect normal consumption,,,
LSTM,Suspicious,Medium,0.08154892176389694,High,Decision based on LSTM with threshold logic,0.08154892176389694,0.0069450226871828665,0.925396100923286
LSTM,Suspicious,Medium,0.18412496149539948,High,Decision based on LSTM with threshold logic,0.18412496149539948,0.0019490011108152857,0.8178240396154158
LSTM,Suspicious,Medium,0.346333771944046,Low,Decision based on LSTM with threshold logic,0.346333771944046,0.0018796201910950266,0.655545848247049
LSTM,Anomaly,High,0.5449475049972534,Low,Decision based on LSTM with threshold logic,0.5449475049972534,0.001230101901891614,0.45628259690463824
LSTM,Anomaly,High,0.6035609841346741,Low,Decision based on LSTM with threshold logic,0.6035609841346741,0.0007061167011522759,0.3971451325664782
LSTM,Suspicious,Medium,0.48454177379608154,Low,Decision based on LSTM with threshold logic,0.48454177379608154,0.0020108001945035076,0.517469026398422
LSTM,Anomaly,High,0.5057861804962158,Low,Decision based on LSTM with threshold logic,0.5057861804962158,0.0008965412884524525,0.4951103607922366
LSTM,Anomaly,High,0.6018231511116028,Low,Decision based on LSTM with threshold logic,0.6018231511116028,0.001203464954234589,0.39938031384263184
LSTM,Anomaly,High,0.5866443514823914,Low,Decision based on LSTM with threshold logic,0.5866443514823914,0.0021852049051571624,0.4155408534227658
LSTM,Suspicious,Medium,0.4087114930152893,Low,Decision based on LSTM with threshold logic,0.4087114930152893,0.018906058630891957,0.6101945656156027
LSTM,Suspicious,Medium,0.22934718430042267,Low,Decision based on LSTM with threshold logic,0.22934718430042267,0.006751620674539573,0.7774044363741169
Random Forest,Anomaly,High,0.5389032301416883,Low,Decision based on Random Forest with threshold logic,0.14426325261592865,0.5389032301416883,0.6053600224742404
LSTM,Suspicious,Medium,0.10101509094238281,High,Decision based on LSTM with threshold logic,0.10101509094238281,0.08027426004530731,0.9792591691029245
LSTM,Suspicious,Medium,0.07568150013685226,High,Decision based on LSTM with threshold logic,0.07568150013685226,0.012384099135387823,0.9367025989985356
Random Forest,Anomaly,High,0.8743043522020382,Low,Decision based on Random Forest with threshold logic,0.04382481053471565,0.8743043522020382,0.16952045833267748
Random Forest,Anomaly,High,0.8936802006944885,Low,Decision based on Random Forest with threshold logic,0.03749246895313263,0.8936802006944885,0.14381226825864413
Random Forest,Anomaly,High,0.8288353539192628,Low,Decision based on Random Forest with threshold logic,0.03076934814453125,0.8288353539192628,0.20193399422526848
Random Forest,Suspicious,Medium,0.32716707976967946,Low,Decision based on Random Forest with threshold logic,0.02649492584168911,0.32716707976967946,0.6993278460720096
Both Models,Normal,Low,0.05341278421664164,Full Agreement (Normal),Both LSTM and Random Forest detect normal consumption,,,
Both Models,Normal,Low,0.018898891285061836,Full Agreement (Normal),Both LSTM and Random Forest detect normal consumption,,,
Both Models,Normal,Low,0.01879248209297657,Full Agreement (Normal),Both LSTM and Random Forest detect normal consumption,,,
Both Models,Normal,Low,0.08335543107522488,Full Agreement (Normal),Both LSTM and Random Forest detect normal consumption,,,
Both Models,Normal,Low,0.0177775826305151,Full Agreement (Normal),Both LSTM and Random Forest detect normal consumption,,,
Both Models,Normal,Low,0.01767946593463421,Full Agreement (Normal),Both LSTM and Random Forest detect normal consumption,,,
Both Models,Normal,Low,0.01771218329668045,Full Agreement (Normal),Both LSTM and Random Forest detect normal consumption,,,
Both Models,Normal,Low,0.019819475710392,Full Agreement (Normal),Both LSTM and Random Forest detect normal consumption,,,
Both Models,Normal,Low,0.018959637731313705,Full Agreement (Normal),Both LSTM and Random Forest detect normal consumption,,,
Both Models,Normal,Low,0.020045319572091103,Full Agreement (Normal),Both LSTM and Random Forest detect normal consumption,,,
Both Models,Normal,Low,0.01815984398126602,Full Agreement (Normal),Both LSTM and Random Forest detect normal consumption,,,
Both Models,Normal,Low,0.017339682206511497,Full Agreement (Normal),Both LSTM and Random Forest detect normal consumption,,,
Both Models,Normal,Low,0.017096860334277153,Full Agreement (Normal),Both LSTM and Random Forest detect normal consumption,,,
Both Models,Normal,Low,0.016790024936199188,Full Agreement (Normal),Both LSTM and Random Forest detect normal consumption,,,
Both Models,Normal,Low,0.017604459313318565,Full Agreement (Normal),Both LSTM and Random Forest detect normal consumption,,,
Both Models,Normal,Low,0.016545100137591362,Full Agreement (Normal),Both LSTM and Random Forest detect normal consumption,,,
Both Models,Normal,Low,0.01656149886548519,Full Agreement (Normal),Both LSTM and Random Forest detect normal consumption,,,
Both Models,Normal,Low,0.016521815210580826,Full Agreement (Normal),Both LSTM and Random Forest detect normal consumption,,,
Both Models,Normal,Low,0.015836581587791443,Full Agreement (Normal),Both LSTM and Random Forest detect normal consumption,,,
Both Models,Normal,Low,0.01931718923151493,Full Agreement (Normal),Both LSTM and Random Forest detect normal consumption,,,
Both Models,Normal,Low,0.021029967814683914,Full Agreement (Normal),Both LSTM and Random Forest detect normal consumption,,,
Both Models,Normal,Low,0.026498230174183846,Full Agreement (Normal),Both LSTM and Random Forest detect normal consumption,,,
LSTM,Suspicious,Medium,0.07866000384092331,High,Decision based on LSTM with threshold logic,0.07866000384092331,0.0011150932165291737,0.9224550893756058
LSTM,Suspicious,Medium,0.11926452815532684,High,Decision based on LSTM with threshold logic,0.11926452815532684,0.0013071360470365782,0.8820426078917097
LSTM,Suspicious,Medium,0.11773011088371277,High,Decision based on LSTM with threshold logic,0.11773011088371277,0.0021813027984376094,0.8844511919147249
Both Models,Normal,Low,0.062165506184101105,Full Agreement (Normal),Both LSTM and Random Forest detect normal consumption,,,
Both Models,Normal,Low,0.027039973065257072,Full Agreement (Normal),Both LSTM and Random Forest detect normal consumption,,,
Both Models,Normal,Low,0.019596852362155914,Full Agreement (Normal),Both LSTM and Random Forest detect normal consumption,,,
Both Models,Normal,Low,0.020437181011442238,Full Agreement (Normal),Both LSTM and Random Forest detect normal consumption,,,
Both Models,Normal,Low,0.018318787217140198,Full Agreement (Normal),Both LSTM and Random Forest detect normal consumption,,,
Both Models,Normal,Low,0.2415824542688675,Full Agreement (Normal),Both LSTM and Random Forest detect normal consumption,,,
Both Models,Normal,Low,0.02290187031030655,Full Agreement (Normal),Both LSTM and Random Forest detect normal consumption,,,
Both Models,Normal,Low,0.02435574308037758,Full Agreement (Normal),Both LSTM and Random Forest detect normal consumption,,,
Both Models,Normal,Low,0.03801419585943222,Full Agreement (Normal),Both LSTM and Random Forest detect normal consumption,,,
LSTM,Suspicious,Medium,0.0950329452753067,High,Decision based on LSTM with threshold logic,0.0950329452753067,0.02719622427252705,0.9321632789972203
LSTM,Suspicious,Medium,0.1476401388645172,High,Decision based on LSTM with threshold logic,0.1476401388645172,0.006112730995431831,0.8584725921309146
LSTM,Suspicious,Medium,0.2621581256389618,Low,Decision based on LSTM with threshold logic,0.2621581256389618,0.001257538506722424,0.7390994128677606
LSTM,Suspicious,Medium,0.4268853962421417,Low,Decision based on LSTM with threshold logic,0.4268853962421417,0.0005483515967080807,0.5736629553545664
LSTM,Anomaly,High,0.5080194473266602,Low,Decision based on LSTM with threshold logic,0.5080194473266602,0.0014993479122256098,0.49347990058556546
LSTM,Suspicious,Medium,0.40167415142059326,Low,Decision based on LSTM with threshold logic,0.40167415142059326,0.0027433210608834675,0.6010691696402902
LSTM,Suspicious,Medium,0.2507869303226471,Low,Decision based on LSTM with threshold logic,0.2507869303226471,0.0023133981657728997,0.7515264678431258
LSTM,Suspicious,Medium,0.09365274012088776,High,Decision based on LSTM with threshold logic,0.09365274012088776,0.0009154976317165602,0.9072627575108287
Both Models,Normal,Low,0.031670939177274704,Full Agreement (Normal),Both LSTM and Random Forest detect normal consumption,,,
Both Models,Normal,Low,0.018550997599959373,Full Agreement (Normal),Both LSTM and Random Forest detect normal consumption,,,
Both Models,Normal,Low,0.01723565347492695,Full Agreement (Normal),Both LSTM and Random Forest detect normal consumption,,,
Random Forest,Anomaly,High,0.7055431335535631,Low,Decision based on Random Forest with threshold logic,0.017673589289188385,0.7055431335535631,0.31213045573562526
Both Models,Normal,Low,0.25807934734107196,Full Agreement (Normal),Both LSTM and Random Forest detect normal consumption,,,
Both Models,Normal,Low,0.12279006909824791,Full Agreement (Normal),Both LSTM and Random Forest detect normal consumption,,,
Both Models,Normal,Low,0.0343875777060052,Full Agreement (Normal),Both LSTM and Random Forest detect normal consumption,,,
Both Models,Normal,Low,0.02022309973835945,Full Agreement (Normal),Both LSTM and Random Forest detect normal consumption,,,
Both Models,Normal,Low,0.022081755101680756,Full Agreement (Normal),Both LSTM and Random Forest detect normal consumption,,,
Both Models,Normal,Low,0.021965719759464264,Full Agreement (Normal),Both LSTM and Random Forest detect normal consumption,,,
Both Models,Normal,Low,0.02028844878077507,Full Agreement (Normal),Both LSTM and Random Forest detect normal consumption,,,
Both Models,Normal,Low,0.02054225094616413,Full Agreement (Normal),Both LSTM and Random Forest detect normal consumption,,,
Both Models,Normal,Low,0.027978772297501564,Full Agreement (Normal),Both LSTM and Random Forest detect normal consumption,,,
Both Models,Normal,Low,0.04114522412419319,Full Agreement (Normal),Both LSTM and Random Forest detect normal consumption,,,
Both Models,Normal,Low,0.05856890603899956,Full Agreement (Normal),Both LSTM and Random Forest detect normal consumption,,,
Both Models,Normal,Low,0.06728463619947433,Full Agreement (Normal),Both LSTM and Random Forest detect normal consumption,,,
Both Models,Normal,Low,0.05220727622509003,Full Agreement (Normal),Both LSTM and Random Forest detect normal consumption,,,
Both Models,Normal,Low,0.057570841163396835,Full Agreement (Normal),Both LSTM and Random Forest detect normal consumption,,,
Both Models,Normal,Low,0.05695144459605217,Full Agreement (Normal),Both LSTM and Random Forest detect normal consumption,,,
Both Models,Normal,Low,0.03451145440340042,Full Agreement (Normal),Both LSTM and Random Forest detect normal consumption,,,
Both Models,Normal,Low,0.03045814298093319,Full Agreement (Normal),Both LSTM and Random Forest detect normal consumption,,,
Both Models,Normal,Low,0.030853232368826866,Full Agreement (Normal),Both LSTM and Random Forest detect normal consumption,,,
Both Models,Normal,Low,0.022666942328214645,Full Agreement (Normal),Both LSTM and Random Forest detect normal consumption,,,
Both Models,Normal,Low,0.02030251920223236,Full Agreement (Normal),Both LSTM and Random Forest detect normal consumption,,,
Both Models,Normal,Low,0.019130539149045944,Full Agreement (Normal),Both LSTM and Random Forest detect normal consumption,,,
Both Models,Normal,Low,0.018781809136271477,Full Agreement (Normal),Both LSTM and Random Forest detect normal consumption,,,
Random Forest,Anomaly,High,0.8485968375910141,Low,Decision based on Random Forest with threshold logic,0.020378077402710915,0.8485968375910141,0.1717812398116968
Both Models,Normal,Low,0.16419396518248738,Full Agreement (Normal),Both LSTM and Random Forest detect normal consumption,,,
Both Models,Normal,Low,0.027577446773648262,Full Agreement (Normal),Both LSTM and Random Forest detect normal consumption,,,
Both Models,Normal,Low,0.04165942221879959,Full Agreement (Normal),Both LSTM and Random Forest detect normal consumption,,,
Both Models,Normal,Low,0.05544649809598923,Full Agreement (Normal),Both LSTM and Random Forest detect normal consumption,,,
Both Models,Normal,Low,0.04467758536338806,Full Agreement (Normal),Both LSTM and Random Forest detect normal consumption,,,
Both Models,Normal,Low,0.034753311425447464,Full Agreement (Normal),Both LSTM and Random Forest detect normal consumption,,,
Both Models,Normal,Low,0.02595364674925804,Full Agreement (Normal),Both LSTM and Random Forest detect normal consumption,,,
Both Models,Normal,Low,0.02239157259464264,Full Agreement (Normal),Both LSTM and Random Forest detect normal consumption,,,
Both Models,Normal,Low,0.01995401829481125,Full Agreement (Normal),Both LSTM and Random Forest detect normal consumption,,,
Both Models,Normal,Low,0.018290482461452484,Full Agreement (Normal),Both LSTM and Random Forest detect normal consumption,,,
Both Models,Normal,Low,0.021374519914388657,Full Agreement (Normal),Both LSTM and Random Forest detect normal consumption,,,
Both Models,Normal,Low,0.028803057968616486,Full Agreement (Normal),Both LSTM and Random Forest detect normal consumption,,,
Both Models,Normal,Low,0.024836139753460884,Full Agreement (Normal),Both LSTM and Random Forest detect normal consumption,,,
Both Models,Normal,Low,0.019355524331331253,Full Agreement (Normal),Both LSTM and Random Forest detect normal consumption,,,
Both Models,Normal,Low,0.017818467691540718,Full Agreement (Normal),Both LSTM and Random Forest detect normal consumption,,,
Both Models,Normal,Low,0.016720188781619072,Full Agreement (Normal),Both LSTM and Random Forest detect normal consumption,,,
Both Models,Normal,Low,0.016907058656215668,Full Agreement (Normal),Both LSTM and Random Forest detect normal consumption,,,
Both Models,Normal,Low,0.018029995262622833,Full Agreement (Normal),Both LSTM and Random Forest detect normal consumption,,,
Both Models,Normal,Low,0.017997657880187035,Full Agreement (Normal),Both LSTM and Random Forest detect normal consumption,,,
Both Models,Normal,Low,0.01787659339606762,Full Agreement (Normal),Both LSTM and Random Forest detect normal consumption,,,
Both Models,Normal,Low,0.016178470104932785,Full Agreement (Normal),Both LSTM and Random Forest detect normal consumption,,,
Both Models,Normal,Low,0.015889029949903488,Full Agreement (Normal),Both LSTM and Random Forest detect normal consumption,,,
Both Models,Normal,Low,0.015738090500235558,Full Agreement (Normal),Both LSTM and Random Forest detect normal consumption,,,
Both Models,Normal,Low,0.01600850746035576,Full Agreement (Normal),Both LSTM and Random Forest detect normal consumption,,,
Both Models,Normal,Low,0.01655336283147335,Full Agreement (Normal),Both LSTM and Random Forest detect normal consumption,,,
Both Models,Normal,Low,0.016983477398753166,Full Agreement (Normal),Both LSTM and Random Forest detect normal consumption,,,
Both Models,Normal,Low,0.019168775528669357,Full Agreement (Normal),Both LSTM and Random Forest detect normal consumption,,,
Both Models,Normal,Low,0.029662517830729485,Full Agreement (Normal),Both LSTM and Random Forest detect normal consumption,,,
Both Models,Normal,Low,0.052411895245313644,Full Agreement (Normal),Both LSTM and Random Forest detect normal consumption,,,
Both Models,Normal,Low,0.04909515380859375,Full Agreement (Normal),Both LSTM and Random Forest detect normal consumption,,,
Both Models,Normal,Low,0.042610276490449905,Full Agreement (Normal),Both LSTM and Random Forest detect normal consumption,,,
Both Models,Normal,Low,0.05693467706441879,Full Agreement (Normal),Both LSTM and Random Forest detect normal consumption,,,
LSTM,Suspicious,Medium,0.09654559940099716,High,Decision based on LSTM with threshold logic,0.09654559940099716,0.005485957204769656,0.9089403578037725
LSTM,Suspicious,Medium,0.196483314037323,High,Decision based on LSTM with threshold logic,0.196483314037323,0.0014728229720883902,0.8049895089347654
LSTM,Suspicious,Medium,0.2901747226715088,Low,Decision based on LSTM with threshold logic,0.2901747226715088,0.0011468994298211264,0.7109721767583124
LSTM,Suspicious,Medium,0.31075742840766907,Low,Decision based on LSTM with threshold logic,0.31075742840766907,0.003716727301925404,0.6929592988942563
LSTM,Suspicious,Medium,0.22599822282791138,High,Decision based on LSTM with threshold logic,0.22599822282791138,0.06158764518738148,0.8355894223594701
LSTM,Suspicious,Medium,0.10233547538518906,High,Decision based on LSTM with threshold logic,0.10233547538518906,0.0007909482955876815,0.8984554729103986
Both Models,Normal,Low,0.050418104976415634,Full Agreement (Normal),Both LSTM and Random Forest detect normal consumption,,,
Both Models,Normal,Low,0.04453105479478836,Full Agreement (Normal),Both LSTM and Random Forest detect normal consumption,,,
Both Models,Normal,Low,0.0974758802625692,Full Agreement (Normal),Both LSTM and Random Forest detect normal consumption,,,
Both Models,Normal,Low,0.03447257727384567,Full Agreement (Normal),Both LSTM and Random Forest detect normal consumption,,,
Random Forest,Critical,Very High,0.9492936331960722,Low,Decision based on Random Forest with threshold logic,0.028003331273794174,0.9492936331960722,0.07870969807772199
Random Forest,Anomaly,High,0.5290416310823342,Low,Decision based on Random Forest with threshold logic,0.02169487439095974,0.5290416310823342,0.4926532433086256
Both Models,Normal,Low,0.1717289389075154,Full Agreement (Normal),Both LSTM and Random Forest detect normal consumption,,,
LSTM,Suspicious,Medium,0.0796862319111824,High,Decision based on LSTM with threshold logic,0.0796862319111824,0.05049696088732329,0.9708107289761408
LSTM,Suspicious,Medium,0.2181384265422821,Low,Decision based on LSTM with threshold logic,0.2181384265422821,0.0011780684003590627,0.783039641858077
LSTM,Suspicious,Medium,0.315673291683197,Low,Decision based on LSTM with threshold logic,0.315673291683197,0.0020239462874666746,0.6863506546042697
LSTM,Suspicious,Medium,0.4117027521133423,Low,Decision based on LSTM with threshold logic,0.4117027521133423,0.007337057630431324,0.595634305517089
LSTM,Suspicious,Medium,0.41618451476097107,Low,Decision based on LSTM with threshold logic,0.41618451476097107,0.00797008034520313,0.5917855655842321
LSTM,Suspicious,Medium,0.3802662193775177,Low,Decision based on LSTM with threshold logic,0.3802662193775177,0.001359593697821377,0.6210933743203038
LSTM,Suspicious,Medium,0.17250406742095947,High,Decision based on LSTM with threshold logic,0.17250406742095947,0.002704795819252011,0.8302007283982925
LSTM,Suspicious,Medium,0.10254468023777008,High,Decision based on LSTM with threshold logic,0.10254468023777008,0.005456992686304776,0.9029123124485346
Both Models,Normal,Low,0.04004780948162079,Full Agreement (Normal),Both LSTM and Random Forest detect normal consumption,,,
Random Forest,Anomaly,High,0.8866998184158483,Low,Decision based on Random Forest with threshold logic,0.026203908026218414,0.8866998184158483,0.13950408961037009
Both Models,Normal,Low,0.023405572399497032,Full Agreement (Normal),Both LSTM and Random Forest detect normal consumption,,,
Random Forest,Anomaly,High,0.8194582855230605,Low,Decision based on Random Forest with threshold logic,0.01967855542898178,0.8194582855230605,0.20022026990592123
Random Forest,Suspicious,Medium,0.47986454109373355,Low,Decision based on Random Forest with threshold logic,0.01873142458498478,0.47986454109373355,0.5388668834912512
Both Models,Normal,Low,0.02068701945245266,Full Agreement (Normal),Both LSTM and Random Forest detect normal consumption,,,
Both Models,Normal,Low,0.04334897924103159,Full Agreement (Normal),Both LSTM and Random Forest detect normal consumption,,,
Both Models,Normal,Low,0.0275607630610466,Full Agreement (Normal),Both LSTM and Random Forest detect normal consumption,,,
Both Models,Normal,Low,0.033662572503089905,Full Agreement (Normal),Both LSTM and Random Forest detect normal consumption,,,
Both Models,Normal,Low,0.03164597973227501,Full Agreement (Normal),Both LSTM and Random Forest detect normal consumption,,,
Both Models,Normal,Low,0.025434719398617744,Full Agreement (Normal),Both LSTM and Random Forest detect normal consumption,,,
Both Models,Normal,Low,0.025079548358917236,Full Agreement (Normal),Both LSTM and Random Forest detect normal consumption,,,
Both Models,Normal,Low,0.02309137023985386,Full Agreement (Normal),Both LSTM and Random Forest detect normal consumption,,,
Both Models,Normal,Low,0.019216446205973625,Full Agreement (Normal),Both LSTM and Random Forest detect normal consumption,,,
Both Models,Normal,Low,0.029594783070756442,Full Agreement (Normal),Both LSTM and Random Forest detect normal consumption,,,
Both Models,Normal,Low,0.015073392540216446,Full Agreement (Normal),Both LSTM and Random Forest detect normal consumption,,,
Both Models,Normal,Low,0.01640550047159195,Full Agreement (Normal),Both LSTM and Random Forest detect normal consumption,,,
Both Models,Normal,Low,0.01790117472410202,Full Agreement (Normal),Both LSTM and Random Forest detect normal consumption,,,
Both Models,Normal,Low,0.019912945106625557,Full Agreement (Normal),Both LSTM and Random Forest detect normal consumption,,,
Both Models,Normal,Low,0.025227228179574013,Full Agreement (Normal),Both LSTM and Random Forest detect normal consumption,,,
Both Models,Normal,Low,0.028409304097294807,Full Agreement (Normal),Both LSTM and Random Forest detect normal consumption,,,
Both Models,Normal,Low,0.02474994584918022,Full Agreement (Normal),Both LSTM and Random Forest detect normal consumption,,,
Both Models,Normal,Low,0.018765637651085854,Full Agreement (Normal),Both LSTM and Random Forest detect normal consumption,,,
Both Models,Normal,Low,0.017773933708667755,Full Agreement (Normal),Both LSTM and Random Forest detect normal consumption,,,
Both Models,Normal,Low,0.0183155108243227,Full Agreement (Normal),Both LSTM and Random Forest detect normal consumption,,,
Both Models,Normal,Low,0.019839012995362282,Full Agreement (Normal),Both LSTM and Random Forest detect normal consumption,,,
Both Models,Normal,Low,0.02360987663269043,Full Agreement (Normal),Both LSTM and Random Forest detect normal consumption,,,
Both Models,Normal,Low,0.026541834697127342,Full Agreement (Normal),Both LSTM and Random Forest detect normal consumption,,,
Both Models,Normal,Low,0.02439715526998043,Full Agreement (Normal),Both LSTM and Random Forest detect normal consumption,,,
Both Models,Normal,Low,0.024706583470106125,Full Agreement (Normal),Both LSTM and Random Forest detect normal consumption,,,
Both Models,Normal,Low,0.02314898744225502,Full Agreement (Normal),Both LSTM and Random Forest detect normal consumption,,,
Both Models,Normal,Low,0.02308862842619419,Full Agreement (Normal),Both LSTM and Random Forest detect normal consumption,,,
Both Models,Normal,Low,0.02277795411646366,Full Agreement (Normal),Both LSTM and Random Forest detect normal consumption,,,
Both Models,Normal,Low,0.026159118860960007,Full Agreement (Normal),Both LSTM and Random Forest detect normal consumption,,,
Both Models,Normal,Low,0.029854867607355118,Full Agreement (Normal),Both LSTM and Random Forest detect normal consumption,,,
Both Models,Normal,Low,0.03321407362818718,Full Agreement (Normal),Both LSTM and Random Forest detect normal consumption,,,
Both Models,Normal,Low,0.037344302982091904,Full Agreement (Normal),Both LSTM and Random Forest detect normal consumption,,,
Both Models,Normal,Low,0.0380684956908226,Full Agreement (Normal),Both LSTM and Random Forest detect normal consumption,,,
Both Models,Normal,Low,0.037705421447753906,Full Agreement (Normal),Both LSTM and Random Forest detect normal consumption,,,
Both Models,Normal,Low,0.033025264739990234,Full Agreement (Normal),Both LSTM and Random Forest detect normal consumption,,,
Both Models,Normal,Low,0.027164006605744362,Full Agreement (Normal),Both LSTM and Random Forest detect normal consumption,,,
Both Models,Normal,Low,0.02209020033478737,Full Agreement (Normal),Both LSTM and Random Forest detect normal consumption,,,
Both Models,Normal,Low,0.018668096512556076,Full Agreement (Normal),Both LSTM and Random Forest detect normal consumption,,,
Both Models,Normal,Low,0.0164368636906147,Full Agreement (Normal),Both LSTM and Random Forest detect normal consumption,,,
Both Models,Normal,Low,0.01747361570596695,Full Agreement (Normal),Both LSTM and Random Forest detect normal consumption,,,
Both Models,Normal,Low,0.019118929281830788,Full Agreement (Normal),Both LSTM and Random Forest detect normal consumption,,,
Both Models,Normal,Low,0.032023049890995026,Full Agreement (Normal),Both LSTM and Random Forest detect normal consumption,,,
Both Models,Normal,Low,0.06050664559006691,Full Agreement (Normal),Both LSTM and Random Forest detect normal consumption,,,
Both Models,Normal,Low,0.07124300212469134,Full Agreement (Normal),Both LSTM and Random Forest detect normal consumption,,,
Both Models,Normal,Low,0.05704287067055702,Full Agreement (Normal),Both LSTM and Random Forest detect normal consumption,,,
Both Models,Normal,Low,0.031225761398673058,Full Agreement (Normal),Both LSTM and Random Forest detect normal consumption,,,
Both Models,Normal,Low,0.027580631896853447,Full Agreement (Normal),Both LSTM and Random Forest detect normal consumption,,,
Both Models,Normal,Low,0.030697939917445183,Full Agreement (Normal),Both LSTM and Random Forest detect normal consumption,,,
Both Models,Normal,Low,0.041500452905893326,Full Agreement (Normal),Both LSTM and Random Forest detect normal consumption,,,
Both Models,Normal,Low,0.04187138006091118,Full Agreement (Normal),Both LSTM and Random Forest detect normal consumption,,,
Both Models,Normal,Low,0.03297562524676323,Full Agreement (Normal),Both LSTM and Random Forest detect normal consumption,,,
Both Models,Normal,Low,0.020424505695700645,Full Agreement (Normal),Both LSTM and Random Forest detect normal consumption,,,
Both Models,Normal,Low,0.017760496586561203,Full Agreement (Normal),Both LSTM and Random Forest detect normal consumption,,,
Both Models,Normal,Low,0.01817171461880207,Full Agreement (Normal),Both LSTM and Random Forest detect normal consumption,,,
Both Models,Normal,Low,0.019608886912465096,Full Agreement (Normal),Both LSTM and Random Forest detect normal consumption,,,
Both Models,Normal,Low,0.0358777791261673,Full Agreement (Normal),Both LSTM and Random Forest detect normal consumption,,,
Both Models,Normal,Low,0.07353010028600693,Full Agreement (Normal),Both LSTM and Random Forest detect normal consumption,,,
LSTM,Suspicious,Medium,0.17906855046749115,High,Decision based on LSTM with threshold logic,0.17906855046749115,0.0010383226061280238,0.8219697721386369
LSTM,Suspicious,Medium,0.3570394515991211,Low,Decision based on LSTM with threshold logic,0.3570394515991211,0.001955785969197064,0.6449163343700759
LSTM,Suspicious,Medium,0.4915751516819,Low,Decision based on LSTM with threshold logic,0.4915751516819,0.0015628496427023768,0.5099876979608023
LSTM,Anomaly,High,0.5268774032592773,Low,Decision based on LSTM with threshold logic,0.5268774032592773,0.004930744503275277,0.4780533412439979
LSTM,Suspicious,Medium,0.4268961548805237,Low,Decision based on LSTM with threshold logic,0.4268961548805237,0.010043174826802495,0.5831470199462788
LSTM,Suspicious,Medium,0.25294291973114014,Low,Decision based on LSTM with threshold logic,0.25294291973114014,0.0014573246377995127,0.7485144049066594
LSTM,Suspicious,Medium,0.14662829041481018,High,Decision based on LSTM with threshold logic,0.14662829041481018,0.07613773035296136,0.9295094399381512
Both Models,Normal,Low,0.06896626204252243,Full Agreement (Normal),Both LSTM and Random Forest detect normal consumption,,,
Both Models,Normal,Low,0.03044241853058338,Full Agreement (Normal),Both LSTM and Random Forest detect normal consumption,,,
Both Models,Normal,Low,0.022892015054821968,Full Agreement (Normal),Both LSTM and Random Forest detect normal consumption,,,
Both Models,Normal,Low,0.044833848063654695,Full Agreement (Normal),Both LSTM and Random Forest detect normal consumption,,,
Both Models,Normal,Low,0.015932448208332062,Full Agreement (Normal),Both LSTM and Random Forest detect normal consumption,,,
Both Models,Normal,Low,0.016508052125573158,Full Agreement (Normal),Both LSTM and Random Forest detect normal consumption,,,
Both Models,Normal,Low,0.1533211887656227,Full Agreement (Normal),Both LSTM and Random Forest detect normal consumption,,,
Both Models,Normal,Low,0.018431801348924637,Full Agreement (Normal),Both LSTM and Random Forest detect normal consumption,,,
Both Models,Normal,Low,0.044231268050556063,Full Agreement (Normal),Both LSTM and Random Forest detect normal consumption,,,
Both Models,Normal,Low,0.027773691341280937,Full Agreement (Normal),Both LSTM and Random Forest detect normal consumption,,,
Both Models,Normal,Low,0.02594059519469738,Full Agreement (Normal),Both LSTM and Random Forest detect normal consumption,,,
Both Models,Normal,Low,0.03199402242898941,Full Agreement (Normal),Both LSTM and Random Forest detect normal consumption,,,
Both Models,Normal,Low,0.0620386004447937,Full Agreement (Normal),Both LSTM and Random Forest detect normal consumption,,,
Both Models,Normal,Low,0.06438528746366501,Full Agreement (Normal),Both LSTM and Random Forest detect normal consumption,,,
Both Models,Normal,Low,0.038799893110990524,Full Agreement (Normal),Both LSTM and Random Forest detect normal consumption,,,
Both Models,Normal,Low,0.02239801734685898,Full Agreement (Normal),Both LSTM and Random Forest detect normal consumption,,,
Both Models,Normal,Low,0.01663530059158802,Full Agreement (Normal),Both LSTM and Random Forest detect normal consumption,,,
Both Models,Normal,Low,0.01803123950958252,Full Agreement (Normal),Both LSTM and Random Forest detect normal consumption,,,
Both Models,Normal,Low,0.020082902163267136,Full Agreement (Normal),Both LSTM and Random Forest detect normal consumption,,,
Both Models,Normal,Low,0.02523321844637394,Full Agreement (Normal),Both LSTM and Random Forest detect normal consumption,,,
Both Models,Normal,Low,0.026585089042782784,Full Agreement (Normal),Both LSTM and Random Forest detect normal consumption,,,
Both Models,Normal,Low,0.023405443876981735,Full Agreement (Normal),Both LSTM and Random Forest detect normal consumption,,,
Both Models,Normal,Low,0.0236869677901268,Full Agreement (Normal),Both LSTM and Random Forest detect normal consumption,,,
Both Models,Normal,Low,0.02197369374334812,Full Agreement (Normal),Both LSTM and Random Forest detect normal consumption,,,
Both Models,Normal,Low,0.039677796335782126,Full Agreement (Normal),Both LSTM and Random Forest detect normal consumption,,,
Both Models,Normal,Low,0.018452581018209457,Full Agreement (Normal),Both LSTM and Random Forest detect normal consumption,,,
Both Models,Normal,Low,0.01841556839644909,Full Agreement (Normal),Both LSTM and Random Forest detect normal consumption,,,
Both Models,Normal,Low,0.021681177186272254,Full Agreement (Normal),Both LSTM and Random Forest detect normal consumption,,,
Both Models,Normal,Low,0.020132990553975105,Full Agreement (Normal),Both LSTM and Random Forest detect normal consumption,,,
Both Models,Normal,Low,0.018614064902067184,Full Agreement (Normal),Both LSTM and Random Forest detect normal consumption,,,
Both Models,Normal,Low,0.01916920207440853,Full Agreement (Normal),Both LSTM and Random Forest detect normal consumption,,,
Both Models,Normal,Low,0.0187288336455822,Full Agreement (Normal),Both LSTM and Random Forest detect normal consumption,,,
Both Models,Normal,Low,0.01811777800321579,Full Agreement (Normal),Both LSTM and Random Forest detect normal consumption,,,
Both Models,Normal,Low,0.01692676916718483,Full Agreement (Normal),Both LSTM and Random Forest detect normal consumption,,,
Both Models,Normal,Low,0.018102610483765602,Full Agreement (Normal),Both LSTM and Random Forest detect normal consumption,,,
Both Models,Normal,Low,0.02941768430173397,Full Agreement (Normal),Both LSTM and Random Forest detect normal consumption,,,
Both Models,Normal,Low,0.032134730368852615,Full Agreement (Normal),Both LSTM and Random Forest detect normal consumption,,,
Both Models,Normal,Low,0.030829325318336487,Full Agreement (Normal),Both LSTM and Random Forest detect normal consumption,,,
Both Models,Normal,Low,0.026425695046782494,Full Agreement (Normal),Both LSTM and Random Forest detect normal consumption,,,
Both Models,Normal,Low,0.024711959064006805,Full Agreement (Normal),Both LSTM and Random Forest detect normal consumption,,,
Both Models,Normal,Low,0.020579468458890915,Full Agreement (Normal),Both LSTM and Random Forest detect normal consumption,,,
Both Models,Normal,Low,0.017255419865250587,Full Agreement (Normal),Both LSTM and Random Forest detect normal consumption,,,
Both Models,Normal,Low,0.044671159990336155,Full Agreement (Normal),Both LSTM and Random Forest detect normal consumption,,,
Both Models,Normal,Low,0.016993386670947075,Full Agreement (Normal),Both LSTM and Random Forest detect normal consumption,,,
Both Models,Normal,Low,0.01895429939031601,Full Agreement (Normal),Both LSTM and Random Forest detect normal consumption,,,
Both Models,Normal,Low,0.02070085145533085,Full Agreement (Normal),Both LSTM and Random Forest detect normal consumption,,,
Both Models,Normal,Low,0.021269729360938072,Full Agreement (Normal),Both LSTM and Random Forest detect normal consumption,,,
Both Models,Normal,Low,0.020420392975211143,Full Agreement (Normal),Both LSTM and Random Forest detect normal consumption,,,
Both Models,Normal,Low,0.018560178577899933,Full Agreement (Normal),Both LSTM and Random Forest detect normal consumption,,,
Both Models,Normal,Low,0.017516029998660088,Full Agreement (Normal),Both LSTM and Random Forest detect normal consumption,,,
Both Models,Normal,Low,0.016408927738666534,Full Agreement (Normal),Both LSTM and Random Forest detect normal consumption,,,
Both Models,Normal,Low,0.015700340270996094,Full Agreement (Normal),Both LSTM and Random Forest detect normal consumption,,,
Both Models,Normal,Low,0.015537207946181297,Full Agreement (Normal),Both LSTM and Random Forest detect normal consumption,,,
Both Models,Normal,Low,0.015999063849449158,Full Agreement (Normal),Both LSTM and Random Forest detect normal consumption,,,
Both Models,Normal,Low,0.01580405980348587,Full Agreement (Normal),Both LSTM and Random Forest detect normal consumption,,,
Both Models,Normal,Low,0.021619213744997978,Full Agreement (Normal),Both LSTM and Random Forest detect normal consumption,,,
Both Models,Normal,Low,0.019684884697198868,Full Agreement (Normal),Both LSTM and Random Forest detect normal consumption,,,
Both Models,Normal,Low,0.017783619463443756,Full Agreement (Normal),Both LSTM and Random Forest detect normal consumption,,,
Both Models,Normal,Low,0.017778947949409485,Full Agreement (Normal),Both LSTM and Random Forest detect normal consumption,,,
Both Models,Normal,Low,0.016575081273913383,Full Agreement (Normal),Both LSTM and Random Forest detect normal consumption,,,
Both Models,Normal,Low,0.017205694690346718,Full Agreement (Normal),Both LSTM and Random Forest detect normal consumption,,,
Both Models,Normal,Low,0.0161224827170372,Full Agreement (Normal),Both LSTM and Random Forest detect normal consumption,,,
Both Models,Normal,Low,0.01781134307384491,Full Agreement (Normal),Both LSTM and Random Forest detect normal consumption,,,
Both Models,Normal,Low,0.017746536061167717,Full Agreement (Normal),Both LSTM and Random Forest detect normal consumption,,,
Both Models,Normal,Low,0.01896338351070881,Full Agreement (Normal),Both LSTM and Random Forest detect normal consumption,,,
Both Models,Normal,Low,0.018713239580392838,Full Agreement (Normal),Both LSTM and Random Forest detect normal consumption,,,
Both Models,Normal,Low,0.01977347768843174,Full Agreement (Normal),Both LSTM and Random Forest detect normal consumption,,,
Both Models,Normal,Low,0.02385871484875679,Full Agreement (Normal),Both LSTM and Random Forest detect normal consumption,,,
Both Models,Normal,Low,0.028590936213731766,Full Agreement (Normal),Both LSTM and Random Forest detect normal consumption,,,
Both Models,Normal,Low,0.03188472241163254,Full Agreement (Normal),Both LSTM and Random Forest detect normal consumption,,,
Both Models,Normal,Low,0.02411232329905033,Full Agreement (Normal),Both LSTM and Random Forest detect normal consumption,,,
Both Models,Normal,Low,0.02348468080163002,Full Agreement (Normal),Both LSTM and Random Forest detect normal consumption,,,
Both Models,Normal,Low,0.02099643461406231,Full Agreement (Normal),Both LSTM and Random Forest detect normal consumption,,,
Both Models,Normal,Low,0.02000044286251068,Full Agreement (Normal),Both LSTM and Random Forest detect normal consumption,,,
Both Models,Normal,Low,0.019142072647809982,Full Agreement (Normal),Both LSTM and Random Forest detect normal consumption,,,
Both Models,Normal,Low,0.018927346915006638,Full Agreement (Normal),Both LSTM and Random Forest detect normal consumption,,,
Both Models,Normal,Low,0.01903674006462097,Full Agreement (Normal),Both LSTM and Random Forest detect normal consumption,,,
Both Models,Normal,Low,0.017915800213813782,Full Agreement (Normal),Both LSTM and Random Forest detect normal consumption,,,
Both Models,Normal,Low,0.01686946675181389,Full Agreement (Normal),Both LSTM and Random Forest detect normal consumption,,,
Both Models,Normal,Low,0.01892446167767048,Full Agreement (Normal),Both LSTM and Random Forest detect normal consumption,,,
Both Models,Normal,Low,0.02130287140607834,Full Agreement (Normal),Both LSTM and Random Forest detect normal consumption,,,
Both Models,Normal,Low,0.021999910473823547,Full Agreement (Normal),Both LSTM and Random Forest detect normal consumption,,,
Both Models,Normal,Low,0.024131739512085915,Full Agreement (Normal),Both LSTM and Random Forest detect normal consumption,,,
Both Models,Normal,Low,0.024307439103722572,Full Agreement (Normal),Both LSTM and Random Forest detect normal consumption,,,
Both Models,Normal,Low,0.020175185054540634,Full Agreement (Normal),Both LSTM and Random Forest detect normal consumption,,,
Both Models,Normal,Low,0.02244601957499981,Full Agreement (Normal),Both LSTM and Random Forest detect normal consumption,,,
Both Models,Normal,Low,0.032908275723457336,Full Agreement (Normal),Both LSTM and Random Forest detect normal consumption,,,
Both Models,Normal,Low,0.03010196052491665,Full Agreement (Normal),Both LSTM and Random Forest detect normal consumption,,,
Both Models,Normal,Low,0.03406515717506409,Full Agreement (Normal),Both LSTM and Random Forest detect normal consumption,,,
Both Models,Normal,Low,0.03747819736599922,Full Agreement (Normal),Both LSTM and Random Forest detect normal consumption,,,
Both Models,Normal,Low,0.032876573503017426,Full Agreement (Normal),Both LSTM and Random Forest detect normal consumption,,,
Both Models,Normal,Low,0.023324714973568916,Full Agreement (Normal),Both LSTM and Random Forest detect normal consumption,,,
Both Models,Normal,Low,0.01775241456925869,Full Agreement (Normal),Both LSTM and Random Forest detect normal consumption,,,
Both Models,Normal,Low,0.016444673761725426,Full Agreement (Normal),Both LSTM and Random Forest detect normal consumption,,,
Both Models,Normal,Low,0.1258480810289442,Full Agreement (Normal),Both LSTM and Random Forest detect normal consumption,,,
Both Models,Normal,Low,0.02107422985136509,Full Agreement (Normal),Both LSTM and Random Forest detect normal consumption,,,
Both Models,Normal,Low,0.028296608477830887,Full Agreement (Normal),Both LSTM and Random Forest detect normal consumption,,,
Both Models,Normal,Low,0.0311188492923975,Full Agreement (Normal),Both LSTM and Random Forest detect normal consumption,,,
Both Models,Normal,Low,0.03198724240064621,Full Agreement (Normal),Both LSTM and Random Forest detect normal consumption,,,
Both Models,Normal,Low,0.02719169482588768,Full Agreement (Normal),Both LSTM and Random Forest detect normal consumption,,,
Both Models,Normal,Low,0.024513838812708855,Full Agreement (Normal),Both LSTM and Random Forest detect normal consumption,,,
Both Models,Normal,Low,0.020937738940119743,Full Agreement (Normal),Both LSTM and Random Forest detect normal consumption,,,
Both Models,Normal,Low,0.020279239863157272,Full Agreement (Normal),Both LSTM and Random Forest detect normal consumption,,,
Both Models,Normal,Low,0.022295132279396057,Full Agreement (Normal),Both LSTM and Random Forest detect normal consumption,,,
Both Models,Normal,Low,0.09959149931643628,Full Agreement (Normal),Both LSTM and Random Forest detect normal consumption,,,
Both Models,Normal,Low,0.10954545454545456,Full Agreement (Normal),Both LSTM and Random Forest detect normal consumption,,,
Both Models,Normal,Low,0.03129156306385994,Full Agreement (Normal),Both LSTM and Random Forest detect normal consumption,,,
Both Models,Normal,Low,0.03633423522114754,Full Agreement (Normal),Both LSTM and Random Forest detect normal consumption,,,
Both Models,Normal,Low,0.03307150676846504,Full Agreement (Normal),Both LSTM and Random Forest detect normal consumption,,,
Both Models,Normal,Low,0.03003270924091339,Full Agreement (Normal),Both LSTM and Random Forest detect normal consumption,,,
Both Models,Normal,Low,0.0382903516292572,Full Agreement (Normal),Both LSTM and Random Forest detect normal consumption,,,
Both Models,Normal,Low,0.039531297981739044,Full Agreement (Normal),Both LSTM and Random Forest detect normal consumption,,,
Both Models,Normal,Low,0.04075095057487488,Full Agreement (Normal),Both LSTM and Random Forest detect normal consumption,,,
Both Models,Normal,Low,0.03746733441948891,Full Agreement (Normal),Both LSTM and Random Forest detect normal consumption,,,
Both Models,Normal,Low,0.02855513244867325,Full Agreement (Normal),Both LSTM and Random Forest detect normal consumption,,,
Both Models,Normal,Low,0.030559629201889038,Full Agreement (Normal),Both LSTM and Random Forest detect normal consumption,,,
Both Models,Normal,Low,0.02439185604453087,Full Agreement (Normal),Both LSTM and Random Forest detect normal consumption,,,
Both Models,Normal,Low,0.021065784618258476,Full Agreement (Normal),Both LSTM and Random Forest detect normal consumption,,,
Both Models,Normal,Low,0.0761143210421998,Full Agreement (Normal),Both LSTM and Random Forest detect normal consumption,,,
Both Models,Normal,Low,0.02423960529267788,Full Agreement (Normal),Both LSTM and Random Forest detect normal consumption,,,
Both Models,Normal,Low,0.023695746436715126,Full Agreement (Normal),Both LSTM and Random Forest detect normal consumption,,,
Both Models,Normal,Low,0.023908929899334908,Full Agreement (Normal),Both LSTM and Random Forest detect normal consumption,,,
Both Models,Normal,Low,0.03484648441687678,Full Agreement (Normal),Both LSTM and Random Forest detect normal consumption,,,
Both Models,Normal,Low,0.023417754098773003,Full Agreement (Normal),Both LSTM and Random Forest detect normal consumption,,,
Both Models,Normal,Low,0.026983758434653282,Full Agreement (Normal),Both LSTM and Random Forest detect normal consumption,,,
Both Models,Normal,Low,0.0219431035220623,Full Agreement (Normal),Both LSTM and Random Forest detect normal consumption,,,
Both Models,Normal,Low,0.02090620994567871,Full Agreement (Normal),Both LSTM and Random Forest detect normal consumption,,,
Both Models,Normal,Low,0.036253731697797775,Full Agreement (Normal),Both LSTM and Random Forest detect normal consumption,,,
LSTM,Suspicious,Medium,0.10019278526306152,High,Decision based on LSTM with threshold logic,0.10019278526306152,0.011090195673286648,0.9108974104102251
LSTM,Suspicious,Medium,0.18936757743358612,High,Decision based on LSTM with threshold logic,0.18936757743358612,0.0029448248713433516,0.8135772474377572
LSTM,Suspicious,Medium,0.3512180745601654,Low,Decision based on LSTM with threshold logic,0.3512180745601654,0.0005159345028580924,0.6492978599426926
LSTM,Anomaly,High,0.5129032731056213,Low,Decision based on LSTM with threshold logic,0.5129032731056213,0.007360988854594106,0.4944577157489728
LSTM,Anomaly,High,0.6337687969207764,Low,Decision based on LSTM with threshold logic,0.6337687969207764,0.0014507348886655393,0.36768193796788917
LSTM,Anomaly,High,0.6794179081916809,Low,Decision based on LSTM with threshold logic,0.6794179081916809,0.0008019348081264086,0.3213840266164455
LSTM,Anomaly,High,0.5543516278266907,Low,Decision based on LSTM with threshold logic,0.5543516278266907,0.001514763348323002,0.44716313552163234
LSTM,Suspicious,Medium,0.2947792708873749,Low,Decision based on LSTM with threshold logic,0.2947792708873749,0.0015976924237494322,0.7068184215363745
Random Forest,Anomaly,High,0.7169656527596899,Low,Decision based on Random Forest with threshold logic,0.10153123736381531,0.7169656527596899,0.3845655846041254
Both Models,Normal,Low,0.042684998363256454,Full Agreement (Normal),Both LSTM and Random Forest detect normal consumption,,,
Both Models,Normal,Low,0.024798298254609108,Full Agreement (Normal),Both LSTM and Random Forest detect normal consumption,,,
Random Forest,Anomaly,High,0.7998048246187079,Low,Decision based on Random Forest with threshold logic,0.020337803289294243,0.7998048246187079,0.2205329786705863
Random Forest,Critical,Very High,0.9832372951679033,Low,Decision based on Random Forest with threshold logic,0.020626269280910492,0.9832372951679033,0.037388974113007234
Both Models,Normal,Low,0.2549415105491738,Full Agreement (Normal),Both LSTM and Random Forest detect normal consumption,,,
Both Models,Normal,Low,0.021696392320092465,Full Agreement (Normal),Both LSTM and Random Forest detect normal consumption,,,
Both Models,Normal,Low,0.16864073323100048,Full Agreement (Normal),Both LSTM and Random Forest detect normal consumption,,,
Random Forest,Anomaly,High,0.6806760019169869,Low,Decision based on Random Forest with threshold logic,0.020199822261929512,0.6806760019169869,0.33952382034494266
Both Models,Normal,Low,0.019538378342986107,Full Agreement (Normal),Both LSTM and Random Forest detect normal consumption,,,
Both Models,Normal,Low,0.017480432987213135,Full Agreement (Normal),Both LSTM and Random Forest detect normal consumption,,,
Both Models,Normal,Low,0.017334062606096268,Full Agreement (Normal),Both LSTM and Random Forest detect normal consumption,,,
Both Models,Normal,Low,0.017873680219054222,Full Agreement (Normal),Both LSTM and Random Forest detect normal consumption,,,
Both Models,Normal,Low,0.018479665741324425,Full Agreement (Normal),Both LSTM and Random Forest detect normal consumption,,,
Both Models,Normal,Low,0.017812544479966164,Full Agreement (Normal),Both LSTM and Random Forest detect normal consumption,,,
Both Models,Normal,Low,0.017334669828414917,Full Agreement (Normal),Both LSTM and Random Forest detect normal consumption,,,
Both Models,Normal,Low,0.01642739214003086,Full Agreement (Normal),Both LSTM and Random Forest detect normal consumption,,,
Both Models,Normal,Low,0.01571650430560112,Full Agreement (Normal),Both LSTM and Random Forest detect normal consumption,,,
Both Models,Normal,Low,0.016560599207878113,Full Agreement (Normal),Both LSTM and Random Forest detect normal consumption,,,
Both Models,Normal,Low,0.01726243831217289,Full Agreement (Normal),Both LSTM and Random Forest detect normal consumption,,,
Both Models,Normal,Low,0.08095116894295494,Full Agreement (Normal),Both LSTM and Random Forest detect normal consumption,,,
Both Models,Normal,Low,0.01663248799741268,Full Agreement (Normal),Both LSTM and Random Forest detect normal consumption,,,
Both Models,Normal,Low,0.02445254847407341,Full Agreement (Normal),Both LSTM and Random Forest detect normal consumption,,,
Both Models,Normal,Low,0.02472936362028122,Full Agreement (Normal),Both LSTM and Random Forest detect normal consumption,,,
Both Models,Normal,Low,0.020178843289613724,Full Agreement (Normal),Both LSTM and Random Forest detect normal consumption,,,
Both Models,Normal,Low,0.02172319032251835,Full Agreement (Normal),Both LSTM and Random Forest detect normal consumption,,,
Both Models,Normal,Low,0.01856103725731373,Full Agreement (Normal),Both LSTM and Random Forest detect normal consumption,,,
Both Models,Normal,Low,0.019914500415325165,Full Agreement (Normal),Both LSTM and Random Forest detect normal consumption,,,
Both Models,Normal,Low,0.023505425080657005,Full Agreement (Normal),Both LSTM and Random Forest detect normal consumption,,,
Both Models,Normal,Low,0.02306004799902439,Full Agreement (Normal),Both LSTM and Random Forest detect normal consumption,,,
Both Models,Normal,Low,0.019407544285058975,Full Agreement (Normal),Both LSTM and Random Forest detect normal consumption,,,
Both Models,Normal,Low,0.0195404514670372,Full Agreement (Normal),Both LSTM and Random Forest detect normal consumption,,,
Both Models,Normal,Low,0.020128145813941956,Full Agreement (Normal),Both LSTM and Random Forest detect normal consumption,,,
Both Models,Normal,Low,0.016025088727474213,Full Agreement (Normal),Both LSTM and Random Forest detect normal consumption,,,
Both Models,Normal,Low,0.016395261511206627,Full Agreement (Normal),Both LSTM and Random Forest detect normal consumption,,,
Both Models,Normal,Low,0.016454365104436874,Full Agreement (Normal),Both LSTM and Random Forest detect normal consumption,,,
Both Models,Normal,Low,0.017970092594623566,Full Agreement (Normal),Both LSTM and Random Forest detect normal consumption,,,
Both Models,Normal,Low,0.020657634362578392,Full Agreement (Normal),Both LSTM and Random Forest detect normal consumption,,,
Both Models,Normal,Low,0.01925482414662838,Full Agreement (Normal),Both LSTM and Random Forest detect normal consumption,,,
Both Models,Normal,Low,0.019660504534840584,Full Agreement (Normal),Both LSTM and Random Forest detect normal consumption,,,
Both Models,Normal,Low,0.019205132499337196,Full Agreement (Normal),Both LSTM and Random Forest detect normal consumption,,,
Both Models,Normal,Low,0.018794968724250793,Full Agreement (Normal),Both LSTM and Random Forest detect normal consumption,,,
Both Models,Normal,Low,0.01742951199412346,Full Agreement (Normal),Both LSTM and Random Forest detect normal consumption,,,
Both Models,Normal,Low,0.017814528197050095,Full Agreement (Normal),Both LSTM and Random Forest detect normal consumption,,,
Both Models,Normal,Low,0.029104242101311684,Full Agreement (Normal),Both LSTM and Random Forest detect normal consumption,,,
Both Models,Normal,Low,0.07184547185897827,Full Agreement (Normal),Both LSTM and Random Forest detect normal consumption,,,
LSTM,Suspicious,Medium,0.15830044448375702,High,Decision based on LSTM with threshold logic,0.15830044448375702,0.0006928303956745748,0.8423923859119176
LSTM,Suspicious,Medium,0.2034526914358139,High,Decision based on LSTM with threshold logic,0.2034526914358139,0.006173007371704901,0.802720315935891
LSTM,Suspicious,Medium,0.12609140574932098,High,Decision based on LSTM with threshold logic,0.12609140574932098,0.0019295594793813512,0.8758381537300604
Both Models,Normal,Low,0.057595144957304,Full Agreement (Normal),Both LSTM and Random Forest detect normal consumption,,,
Both Models,Normal,Low,0.032351069152355194,Full Agreement (Normal),Both LSTM and Random Forest detect normal consumption,,,
Both Models,Normal,Low,0.022124167531728745,Full Agreement (Normal),Both LSTM and Random Forest detect normal consumption,,,
Both Models,Normal,Low,0.019183050841093063,Full Agreement (Normal),Both LSTM and Random Forest detect normal consumption,,,
Both Models,Normal,Low,0.015890011563897133,Full Agreement (Normal),Both LSTM and Random Forest detect normal consumption,,,
Both Models,Normal,Low,0.015322395600378513,Full Agreement (Normal),Both LSTM and Random Forest detect normal consumption,,,
Both Models,Normal,Low,0.01576387509703636,Full Agreement (Normal),Both LSTM and Random Forest detect normal consumption,,,
Both Models,Normal,Low,0.01599865034222603,Full Agreement (Normal),Both LSTM and Random Forest detect normal consumption,,,
Both Models,Normal,Low,0.01923162303864956,Full Agreement (Normal),Both LSTM and Random Forest detect normal consumption,,,
Both Models,Normal,Low,0.019596915692090988,Full Agreement (Normal),Both LSTM and Random Forest detect normal consumption,,,
Both Models,Normal,Low,0.017865337431430817,Full Agreement (Normal),Both LSTM and Random Forest detect normal consumption,,,
Both Models,Normal,Low,0.017360012978315353,Full Agreement (Normal),Both LSTM and Random Forest detect normal consumption,,,
Both Models,Normal,Low,0.016625264659523964,Full Agreement (Normal),Both LSTM and Random Forest detect normal consumption,,,
Both Models,Normal,Low,0.01526232622563839,Full Agreement (Normal),Both LSTM and Random Forest detect normal consumption,,,
Both Models,Normal,Low,0.015126829035580158,Full Agreement (Normal),Both LSTM and Random Forest detect normal consumption,,,
Both Models,Normal,Low,0.015866219997406006,Full Agreement (Normal),Both LSTM and Random Forest detect normal consumption,,,
Both Models,Normal,Low,0.015575849451124668,Full Agreement (Normal),Both LSTM and Random Forest detect normal consumption,,,
Both Models,Normal,Low,0.016361847519874573,Full Agreement (Normal),Both LSTM and Random Forest detect normal consumption,,,
Both Models,Normal,Low,0.01726428233087063,Full Agreement (Normal),Both LSTM and Random Forest detect normal consumption,,,
Both Models,Normal,Low,0.0175593551248312,Full Agreement (Normal),Both LSTM and Random Forest detect normal consumption,,,
Both Models,Normal,Low,0.01787927933037281,Full Agreement (Normal),Both LSTM and Random Forest detect normal consumption,,,
Both Models,Normal,Low,0.01810561679303646,Full Agreement (Normal),Both LSTM and Random Forest detect normal consumption,,,
Both Models,Normal,Low,0.01847902685403824,Full Agreement (Normal),Both LSTM and Random Forest detect normal consumption,,,
Both Models,Normal,Low,0.02138260379433632,Full Agreement (Normal),Both LSTM and Random Forest detect normal consumption,,,
Both Models,Normal,Low,0.027467193081974983,Full Agreement (Normal),Both LSTM and Random Forest detect normal consumption,,,
Both Models,Normal,Low,0.03377028927206993,Full Agreement (Normal),Both LSTM and Random Forest detect normal consumption,,,
Both Models,Normal,Low,0.037486035376787186,Full Agreement (Normal),Both LSTM and Random Forest detect normal consumption,,,
Both Models,Normal,Low,0.04338153824210167,Full Agreement (Normal),Both LSTM and Random Forest detect normal consumption,,,
Both Models,Normal,Low,0.05146103724837303,Full Agreement (Normal),Both LSTM and Random Forest detect normal consumption,,,
Both Models,Normal,Low,0.044311925768852234,Full Agreement (Normal),Both LSTM and Random Forest detect normal consumption,,,
Both Models,Normal,Low,0.03808658942580223,Full Agreement (Normal),Both LSTM and Random Forest detect normal consumption,,,
Both Models,Normal,Low,0.03319607302546501,Full Agreement (Normal),Both LSTM and Random Forest detect normal consumption,,,
Random Forest,Anomaly,High,0.8235634258884628,Low,Decision based on Random Forest with threshold logic,0.026403488591313362,0.8235634258884628,0.2028400627028506
Both Models,Normal,Low,0.022470736876130104,Full Agreement (Normal),Both LSTM and Random Forest detect normal consumption,,,
Both Models,Normal,Low,0.02212912030518055,Full Agreement (Normal),Both LSTM and Random Forest detect normal consumption,,,
Both Models,Normal,Low,0.021758807823061943,Full Agreement (Normal),Both LSTM and Random Forest detect normal consumption,,,
Both Models,Normal,Low,0.0344131714063592,Full Agreement (Normal),Both LSTM and Random Forest detect normal consumption,,,
Both Models,Normal,Low,0.02878175938825057,Full Agreement (Normal),Both LSTM and Random Forest detect normal consumption,,,
Both Models,Normal,Low,0.02842264249920845,Full Agreement (Normal),Both LSTM and Random Forest detect normal consumption,,,
Both Models,Normal,Low,0.05735765879201292,Full Agreement (Normal),Both LSTM and Random Forest detect normal consumption,,,
Both Models,Normal,Low,0.047249723225831985,Full Agreement (Normal),Both LSTM and Random Forest detect normal consumption,,,
Random Forest,Anomaly,High,0.6475396825396825,Low,Decision based on Random Forest with threshold logic,0.035883255302906036,0.6475396825396825,0.3883435727632235
Both Models,Normal,Low,0.0286009069532156,Full Agreement (Normal),Both LSTM and Random Forest detect normal consumption,,,
Both Models,Normal,Low,0.020451035350561142,Full Agreement (Normal),Both LSTM and Random Forest detect normal consumption,,,
Both Models,Normal,Low,0.022270768880844116,Full Agreement (Normal),Both LSTM and Random Forest detect normal consumption,,,
Both Models,Normal,Low,0.024016041308641434,Full Agreement (Normal),Both LSTM and Random Forest detect normal consumption,,,
Both Models,Normal,Low,0.025823993608355522,Full Agreement (Normal),Both LSTM and Random Forest detect normal consumption,,,
Both Models,Normal,Low,0.022899771109223366,Full Agreement (Normal),Both LSTM and Random Forest detect normal consumption,,,
Both Models,Normal,Low,0.01843593642115593,Full Agreement (Normal),Both LSTM and Random Forest detect normal consumption,,,
Both Models,Normal,Low,0.01778232678771019,Full Agreement (Normal),Both LSTM and Random Forest detect normal consumption,,,
Both Models,Normal,Low,0.016882747411727905,Full Agreement (Normal),Both LSTM and Random Forest detect normal consumption,,,
Both Models,Normal,Low,0.015791030600667,Full Agreement (Normal),Both LSTM and Random Forest detect normal consumption,,,
Both Models,Normal,Low,0.016289278864860535,Full Agreement (Normal),Both LSTM and Random Forest detect normal consumption,,,
Both Models,Normal,Low,0.016839254647493362,Full Agreement (Normal),Both LSTM and Random Forest detect normal consumption,,,
Both Models,Normal,Low,0.017643840983510017,Full Agreement (Normal),Both LSTM and Random Forest detect normal consumption,,,
Both Models,Normal,Low,0.01957181841135025,Full Agreement (Normal),Both LSTM and Random Forest detect normal consumption,,,
Both Models,Normal,Low,0.018355807289481163,Full Agreement (Normal),Both LSTM and Random Forest detect normal consumption,,,
Both Models,Normal,Low,0.016979588195681572,Full Agreement (Normal),Both LSTM and Random Forest detect normal consumption,,,
Both Models,Normal,Low,0.016255494207143784,Full Agreement (Normal),Both LSTM and Random Forest detect normal consumption,,,
Both Models,Normal,Low,0.017054172232747078,Full Agreement (Normal),Both LSTM and Random Forest detect normal consumption,,,
Both Models,Normal,Low,0.018241675570607185,Full Agreement (Normal),Both LSTM and Random Forest detect normal consumption,,,
Both Models,Normal,Low,0.020276455208659172,Full Agreement (Normal),Both LSTM and Random Forest detect normal consumption,,,
Both Models,Normal,Low,0.025526201352477074,Full Agreement (Normal),Both LSTM and Random Forest detect normal consumption,,,
Both Models,Normal,Low,0.035965695977211,Full Agreement (Normal),Both LSTM and Random Forest detect normal consumption,,,
Both Models,Normal,Low,0.04255250096321106,Full Agreement (Normal),Both LSTM and Random Forest detect normal consumption,,,
Both Models,Normal,Low,0.037186399102211,Full Agreement (Normal),Both LSTM and Random Forest detect normal consumption,,,
Both Models,Normal,Low,0.026069259271025658,Full Agreement (Normal),Both LSTM and Random Forest detect normal consumption,,,
Both Models,Normal,Low,0.023799682036042213,Full Agreement (Normal),Both LSTM and Random Forest detect normal consumption,,,
Both Models,Normal,Low,0.02704017423093319,Full Agreement (Normal),Both LSTM and Random Forest detect normal consumption,,,
Both Models,Normal,Low,0.024249469861388206,Full Agreement (Normal),Both LSTM and Random Forest detect normal consumption,,,
Both Models,Normal,Low,0.020172180607914925,Full Agreement (Normal),Both LSTM and Random Forest detect normal consumption,,,
Both Models,Normal,Low,0.02014266513288021,Full Agreement (Normal),Both LSTM and Random Forest detect normal consumption,,,
Both Models,Normal,Low,0.02022148296236992,Full Agreement (Normal),Both LSTM and Random Forest detect normal consumption,,,
Both Models,Normal,Low,0.023215018212795258,Full Agreement (Normal),Both LSTM and Random Forest detect normal consumption,,,
Both Models,Normal,Low,0.025096813216805458,Full Agreement (Normal),Both LSTM and Random Forest detect normal consumption,,,
Both Models,Normal,Low,0.025027090683579445,Full Agreement (Normal),Both LSTM and Random Forest detect normal consumption,,,
Both Models,Normal,Low,0.019683897495269775,Full Agreement (Normal),Both LSTM and Random Forest detect normal consumption,,,
Both Models,Normal,Low,0.018286142498254776,Full Agreement (Normal),Both LSTM and Random Forest detect normal consumption,,,
Both Models,Normal,Low,0.019263774156570435,Full Agreement (Normal),Both LSTM and Random Forest detect normal consumption,,,
Both Models,Normal,Low,0.01986052468419075,Full Agreement (Normal),Both LSTM and Random Forest detect normal consumption,,,
Both Models,Normal,Low,0.019164102151989937,Full Agreement (Normal),Both LSTM and Random Forest detect normal consumption,,,
Both Models,Normal,Low,0.02445387654006481,Full Agreement (Normal),Both LSTM and Random Forest detect normal consumption,,,
Both Models,Normal,Low,0.02838219329714775,Full Agreement (Normal),Both LSTM and Random Forest detect normal consumption,,,
Both Models,Normal,Low,0.02531989850103855,Full Agreement (Normal),Both LSTM and Random Forest detect normal consumption,,,
Both Models,Normal,Low,0.021137500181794167,Full Agreement (Normal),Both LSTM and Random Forest detect normal consumption,,,
Both Models,Normal,Low,0.01742767170071602,Full Agreement (Normal),Both LSTM and Random Forest detect normal consumption,,,
Both Models,Normal,Low,0.029278887435793877,Full Agreement (Normal),Both LSTM and Random Forest detect normal consumption,,,
Both Models,Normal,Low,0.07364259660243988,Full Agreement (Normal),Both LSTM and Random Forest detect normal consumption,,,
LSTM,Suspicious,Medium,0.11513744294643402,High,Decision based on LSTM with threshold logic,0.11513744294643402,0.001098074900618861,0.8859606319541848
LSTM,Suspicious,Medium,0.161818265914917,High,Decision based on LSTM with threshold logic,0.161818265914917,0.0007932085439781787,0.8389749426290611
LSTM,Suspicious,Medium,0.24924473464488983,High,Decision based on LSTM with threshold logic,0.24924473464488983,0.0652204316395595,0.8159756969946697
LSTM,Suspicious,Medium,0.18180033564567566,High,Decision based on LSTM with threshold logic,0.18180033564567566,0.0014228472068039389,0.8196225115611283
LSTM,Suspicious,Medium,0.10079416632652283,High,Decision based on LSTM with threshold logic,0.10079416632652283,0.0010348992173223857,0.9002407328907995
Both Models,Normal,Low,0.05987012758851051,Full Agreement (Normal),Both LSTM and Random Forest detect normal consumption,,,
Both Models,Normal,Low,0.04515719413757324,Full Agreement (Normal),Both LSTM and Random Forest detect normal consumption,,,
Random Forest,Anomaly,High,0.7907483027365454,Low,Decision based on Random Forest with threshold logic,0.04727894812822342,0.7907483027365454,0.256530645391678
Both Models,Normal,Low,0.06004559248685837,Full Agreement (Normal),Both LSTM and Random Forest detect normal consumption,,,
Both Models,Normal,Low,0.04253114014863968,Full Agreement (Normal),Both LSTM and Random Forest detect normal consumption,,,
Both Models,Normal,Low,0.03791799725141554,Full Agreement (Normal),Both LSTM and Random Forest detect normal consumption,,,
Both Models,Normal,Low,0.03970560058951378,Full Agreement (Normal),Both LSTM and Random Forest detect normal consumption,,,
Random Forest,Critical,Very High,0.9248908296943231,Low,Decision based on Random Forest with threshold logic,0.037397198379039764,0.9248908296943231,0.11250636868471664
Both Models,Normal,Low,0.032897789031267166,Full Agreement (Normal),Both LSTM and Random Forest detect normal consumption,,,
Both Models,Normal,Low,0.04910817742347717,Full Agreement (Normal),Both LSTM and Random Forest detect normal consumption,,,
Both Models,Normal,Low,0.07433126121759415,Full Agreement (Normal),Both LSTM and Random Forest detect normal consumption,,,
Random Forest,Anomaly,High,0.615799392213798,Low,Decision based on Random Forest with threshold logic,0.13713739812374115,0.615799392213798,0.5213380059099432
LSTM,Suspicious,Medium,0.39064669609069824,Low,Decision based on LSTM with threshold logic,0.39064669609069824,0.0009424002434286283,0.6102957041527304
LSTM,Anomaly,High,0.5439563989639282,Low,Decision based on LSTM with threshold logic,0.5439563989639282,0.0008858718921353744,0.4569294729282072
LSTM,Suspicious,Medium,0.45629674196243286,Low,Decision based on LSTM with threshold logic,0.45629674196243286,0.0010795187881635839,0.5447827768257307
LSTM,Suspicious,Medium,0.27543705701828003,Low,Decision based on LSTM with threshold logic,0.27543705701828003,0.001981712029163384,0.7265446550108834
LSTM,Suspicious,Medium,0.18331703543663025,High,Decision based on LSTM with threshold logic,0.18331703543663025,0.0008878349570916177,0.8175707995204613
LSTM,Suspicious,Medium,0.1440327912569046,High,Decision based on LSTM with threshold logic,0.1440327912569046,0.0017492878290142932,0.8577164965721097
LSTM,Suspicious,Medium,0.14625009894371033,High,Decision based on LSTM with threshold logic,0.14625009894371033,0.007989006985997846,0.8617389080422875
LSTM,Suspicious,Medium,0.14741164445877075,High,Decision based on LSTM with threshold logic,0.14741164445877075,0.010177653149104298,0.8627660086903335
Random Forest,Suspicious,Medium,0.36542672336309423,High,Decision based on Random Forest with threshold logic,0.23123297095298767,0.36542672336309423,0.8658062475898934
Random Forest,Anomaly,High,0.6687163892445582,Low,Decision based on Random Forest with threshold logic,0.36620885133743286,0.6687163892445582,0.6974924620928746
LSTM,Suspicious,Medium,0.20151041448116302,High,Decision based on LSTM with threshold logic,0.20151041448116302,0.00573817501509757,0.8042277605339345
LSTM,Suspicious,Medium,0.1211806908249855,High,Decision based on LSTM with threshold logic,0.1211806908249855,0.0035019046251028173,0.8823212138001173
Both Models,Normal,Low,0.07138343900442123,Full Agreement (Normal),Both LSTM and Random Forest detect normal consumption,,,
Both Models,Normal,Low,0.06071705371141434,Full Agreement (Normal),Both LSTM and Random Forest detect normal consumption,,,
Both Models,Normal,Low,0.06558007746934891,Full Agreement (Normal),Both LSTM and Random Forest detect normal consumption,,,
Both Models,Normal,Low,0.05068450190416281,Full Agreement (Normal),Both LSTM and Random Forest detect normal consumption,,,
Random Forest,Suspicious,Medium,0.36087432116905355,Low,Decision based on Random Forest with threshold logic,0.029012585058808327,0.36087432116905355,0.6681382638897548
Random Forest,Anomaly,High,0.8542329863693706,Low,Decision based on Random Forest with threshold logic,0.03174115717411041,0.8542329863693706,0.1775081708047398
Both Models,Normal,Low,0.02235211245715618,Full Agreement (Normal),Both LSTM and Random Forest detect normal consumption,,,
Both Models,Normal,Low,0.01874949038028717,Full Agreement (Normal),Both LSTM and Random Forest detect normal consumption,,,
Both Models,Normal,Low,0.019754532724618912,Full Agreement (Normal),Both LSTM and Random Forest detect normal consumption,,,
Both Models,Normal,Low,0.022169096395373344,Full Agreement (Normal),Both LSTM and Random Forest detect normal consumption,,,
Both Models,Normal,Low,0.08237233315322888,Full Agreement (Normal),Both LSTM and Random Forest detect normal consumption,,,
Both Models,Normal,Low,0.02149832248687744,Full Agreement (Normal),Both LSTM and Random Forest detect normal consumption,,,
Both Models,Normal,Low,0.021030178293585777,Full Agreement (Normal),Both LSTM and Random Forest detect normal consumption,,,
Both Models,Normal,Low,0.023647883906960487,Full Agreement (Normal),Both LSTM and Random Forest detect normal consumption,,,
Both Models,Normal,Low,0.024397600442171097,Full Agreement (Normal),Both LSTM and Random Forest detect normal consumption,,,
Both Models,Normal,Low,0.022654568776488304,Full Agreement (Normal),Both LSTM and Random Forest detect normal consumption,,,
Both Models,Normal,Low,0.019385069608688354,Full Agreement (Normal),Both LSTM and Random Forest detect normal consumption,,,
Both Models,Normal,Low,0.017292330041527748,Full Agreement (Normal),Both LSTM and Random Forest detect normal consumption,,,
Both Models,Normal,Low,0.0155530646443367,Full Agreement (Normal),Both LSTM and Random Forest detect normal consumption,,,
Both Models,Normal,Low,0.01593296229839325,Full Agreement (Normal),Both LSTM and Random Forest detect normal consumption,,,
Both Models,Normal,Low,0.016116462647914886,Full Agreement (Normal),Both LSTM and Random Forest detect normal consumption,,,
Both Models,Normal,Low,0.016606561839580536,Full Agreement (Normal),Both LSTM and Random Forest detect normal consumption,,,
Both Models,Normal,Low,0.017925266176462173,Full Agreement (Normal),Both LSTM and Random Forest detect normal consumption,,,
Both Models,Normal,Low,0.016852403059601784,Full Agreement (Normal),Both LSTM and Random Forest detect normal consumption,,,
Both Models,Normal,Low,0.017971357330679893,Full Agreement (Normal),Both LSTM and Random Forest detect normal consumption,,,
Both Models,Normal,Low,0.021403545513749123,Full Agreement (Normal),Both LSTM and Random Forest detect normal consumption,,,
Both Models,Normal,Low,0.023252490907907486,Full Agreement (Normal),Both LSTM and Random Forest detect normal consumption,,,
Both Models,Normal,Low,0.030575912445783615,Full Agreement (Normal),Both LSTM and Random Forest detect normal consumption,,,
Both Models,Normal,Low,0.03309277445077896,Full Agreement (Normal),Both LSTM and Random Forest detect normal consumption,,,
Both Models,Normal,Low,0.029690803959965706,Full Agreement (Normal),Both LSTM and Random Forest detect normal consumption,,,
Both Models,Normal,Low,0.03660435229539871,Full Agreement (Normal),Both LSTM and Random Forest detect normal consumption,,,
Both Models,Normal,Low,0.06428244709968567,Full Agreement (Normal),Both LSTM and Random Forest detect normal consumption,,,
Both Models,Normal,Low,0.05799556523561478,Full Agreement (Normal),Both LSTM and Random Forest detect normal consumption,,,
Both Models,Normal,Low,0.039492856711149216,Full Agreement (Normal),Both LSTM and Random Forest detect normal consumption,,,
Both Models,Normal,Low,0.023454740643501282,Full Agreement (Normal),Both LSTM and Random Forest detect normal consumption,,,
Both Models,Normal,Low,0.017209211364388466,Full Agreement (Normal),Both LSTM and Random Forest detect normal consumption,,,
Both Models,Normal,Low,0.01854700595140457,Full Agreement (Normal),Both LSTM and Random Forest detect normal consumption,,,
Both Models,Normal,Low,0.026841148734092712,Full Agreement (Normal),Both LSTM and Random Forest detect normal consumption,,,
Both Models,Normal,Low,0.02923322096467018,Full Agreement (Normal),Both LSTM and Random Forest detect normal consumption,,,
Both Models,Normal,Low,0.032908547669649124,Full Agreement (Normal),Both LSTM and Random Forest detect normal consumption,,,
Both Models,Normal,Low,0.046000733971595764,Full Agreement (Normal),Both LSTM and Random Forest detect normal consumption,,,
Both Models,Normal,Low,0.035045720636844635,Full Agreement (Normal),Both LSTM and Random Forest detect normal consumption,,,
Both Models,Normal,Low,0.024166755378246307,Full Agreement (Normal),Both LSTM and Random Forest detect normal consumption,,,
Both Models,Normal,Low,0.022100960835814476,Full Agreement (Normal),Both LSTM and Random Forest detect normal consumption,,,
Both Models,Normal,Low,0.020289909094572067,Full Agreement (Normal),Both LSTM and Random Forest detect normal consumption,,,
Both Models,Normal,Low,0.07018896152400252,Full Agreement (Normal),Both LSTM and Random Forest detect normal consumption,,,
Both Models,Normal,Low,0.026313908398151398,Full Agreement (Normal),Both LSTM and Random Forest detect normal consumption,,,
Both Models,Normal,Low,0.04642472043633461,Full Agreement (Normal),Both LSTM and Random Forest detect normal consumption,,,
Both Models,Normal,Low,0.07210370898246765,Full Agreement (Normal),Both LSTM and Random Forest detect normal consumption,,,
Both Models,Normal,Low,0.07169300249276253,Full Agreement (Normal),Both LSTM and Random Forest detect normal consumption,,,
Random Forest,Anomaly,High,0.595,Low,Decision based on Random Forest with threshold logic,0.06296712160110474,0.595,0.46796712160110476
Both Models,Normal,Low,0.04546426236629486,Full Agreement (Normal),Both LSTM and Random Forest detect normal consumption,,,
Both Models,Normal,Low,0.03394657000899315,Full Agreement (Normal),Both LSTM and Random Forest detect normal consumption,,,
Both Models,Normal,Low,0.03175816312432289,Full Agreement (Normal),Both LSTM and Random Forest detect normal consumption,,,
Random Forest,Anomaly,High,0.6994150010143297,Low,Decision based on Random Forest with threshold logic,0.031128112226724625,0.6994150010143297,0.3317131112123949
Both Models,Normal,Low,0.05625510588288307,Full Agreement (Normal),Both LSTM and Random Forest detect normal consumption,,,
LSTM,Suspicious,Medium,0.1589258313179016,High,Decision based on LSTM with threshold logic,0.1589258313179016,0.003346452712583115,0.8444206213946814
LSTM,Suspicious,Medium,0.23245607316493988,High,Decision based on LSTM with threshold logic,0.23245607316493988,0.11414931385933956,0.8816932406943997
LSTM,Suspicious,Medium,0.2950637936592102,Low,Decision based on LSTM with threshold logic,0.2950637936592102,0.02826743535178974,0.7332036416925796
Random Forest,Anomaly,High,0.8538976812661022,Low,Decision based on Random Forest with threshold logic,0.23321735858917236,0.8538976812661022,0.37931967732307015
LSTM,Suspicious,Medium,0.15110328793525696,High,Decision based on LSTM with threshold logic,0.15110328793525696,0.015330673599038756,0.8642273856637818
Both Models,Normal,Low,0.04131333902478218,Full Agreement (Normal),Both LSTM and Random Forest detect normal consumption,,,
Both Models,Normal,Low,0.024197330698370934,Full Agreement (Normal),Both LSTM and Random Forest detect normal consumption,,,
Both Models,Normal,Low,0.023188281804323196,Full Agreement (Normal),Both LSTM and Random Forest detect normal consumption,,,
Both Models,Normal,Low,0.021895354613661766,Full Agreement (Normal),Both LSTM and Random Forest detect normal consumption,,,
Both Models,Normal,Low,0.023525943979620934,Full Agreement (Normal),Both LSTM and Random Forest detect normal consumption,,,
Both Models,Normal,Low,0.022654933854937553,Full Agreement (Normal),Both LSTM and Random Forest detect normal consumption,,,
Both Models,Normal,Low,0.023020708933472633,Full Agreement (Normal),Both LSTM and Random Forest detect normal consumption,,,
Both Models,Normal,Low,0.02054937742650509,Full Agreement (Normal),Both LSTM and Random Forest detect normal consumption,,,
Random Forest,Critical,Very High,0.9188270038490244,Low,Decision based on Random Forest with threshold logic,0.02049299329519272,0.9188270038490244,0.10166598944616834
Both Models,Normal,Low,0.017814980819821358,Full Agreement (Normal),Both LSTM and Random Forest detect normal consumption,,,
Both Models,Normal,Low,0.018857577815651894,Full Agreement (Normal),Both LSTM and Random Forest detect normal consumption,,,
Both Models,Normal,Low,0.023122942075133324,Full Agreement (Normal),Both LSTM and Random Forest detect normal consumption,,,
Both Models,Normal,Low,0.025617536157369614,Full Agreement (Normal),Both LSTM and Random Forest detect normal consumption,,,
Both Models,Normal,Low,0.02331795170903206,Full Agreement (Normal),Both LSTM and Random Forest detect normal consumption,,,
Both Models,Normal,Low,0.019884545356035233,Full Agreement (Normal),Both LSTM and Random Forest detect normal consumption,,,
Both Models,Normal,Low,0.018551798537373543,Full Agreement (Normal),Both LSTM and Random Forest detect normal consumption,,,
Both Models,Normal,Low,0.01712864264845848,Full Agreement (Normal),Both LSTM and Random Forest detect normal consumption,,,
Both Models,Normal,Low,0.017175495624542236,Full Agreement (Normal),Both LSTM and Random Forest detect normal consumption,,,
Both Models,Normal,Low,0.01938961260020733,Full Agreement (Normal),Both LSTM and Random Forest detect normal consumption,,,
Both Models,Normal,Low,0.02031753957271576,Full Agreement (Normal),Both LSTM and Random Forest detect normal consumption,,,
Both Models,Normal,Low,0.01998716965317726,Full Agreement (Normal),Both LSTM and Random Forest detect normal consumption,,,
Both Models,Normal,Low,0.02285522222518921,Full Agreement (Normal),Both LSTM and Random Forest detect normal consumption,,,
Both Models,Normal,Low,0.0224728025496006,Full Agreement (Normal),Both LSTM and Random Forest detect normal consumption,,,
Both Models,Normal,Low,0.02777697890996933,Full Agreement (Normal),Both LSTM and Random Forest detect normal consumption,,,
Both Models,Normal,Low,0.0479791983962059,Full Agreement (Normal),Both LSTM and Random Forest detect normal consumption,,,
LSTM,Suspicious,Medium,0.09150408953428268,High,Decision based on LSTM with threshold logic,0.09150408953428268,0.007197738729502268,0.9156936491952196
LSTM,Suspicious,Medium,0.1817014515399933,High,Decision based on LSTM with threshold logic,0.1817014515399933,0.001067988995250773,0.8193665374552574
LSTM,Suspicious,Medium,0.29775169491767883,Low,Decision based on LSTM with threshold logic,0.29775169491767883,0.0017505920504298264,0.703998897132751
LSTM,Suspicious,Medium,0.3086743950843811,Low,Decision based on LSTM with threshold logic,0.3086743950843811,0.0036461838178057765,0.6949717887334247
LSTM,Suspicious,Medium,0.20421242713928223,Low,Decision based on LSTM with threshold logic,0.20421242713928223,0.0026719375860410465,0.7984595104467588
LSTM,Suspicious,Medium,0.17065612971782684,High,Decision based on LSTM with threshold logic,0.17065612971782684,0.0013519257372628715,0.830695796019436
LSTM,Suspicious,Medium,0.1609814316034317,High,Decision based on LSTM with threshold logic,0.1609814316034317,0.0009234244688999517,0.8399419928654682
LSTM,Suspicious,Medium,0.14066894352436066,High,Decision based on LSTM with threshold logic,0.14066894352436066,0.0012043516211752605,0.8605354080968146
LSTM,Suspicious,Medium,0.10351654142141342,High,Decision based on LSTM with threshold logic,0.10351654142141342,0.0010369204072974393,0.897520378985884
Both Models,Normal,Low,0.05659516528248787,Full Agreement (Normal),Both LSTM and Random Forest detect normal consumption,,,
Both Models,Normal,Low,0.04151687766079597,Full Agreement (Normal),Both LSTM and Random Forest detect normal consumption,,,
Both Models,Normal,Low,0.029570823535323143,Full Agreement (Normal),Both LSTM and Random Forest detect normal consumption,,,
Both Models,Normal,Low,0.05996174964257714,Full Agreement (Normal),Both LSTM and Random Forest detect normal consumption,,,
Both Models,Normal,Low,0.025941306725144386,Full Agreement (Normal),Both LSTM and Random Forest detect normal consumption,,,
Both Models,Normal,Low,0.028609666973352432,Full Agreement (Normal),Both LSTM and Random Forest detect normal consumption,,,
Both Models,Normal,Low,0.023713557049632072,Full Agreement (Normal),Both LSTM and Random Forest detect normal consumption,,,
Both Models,Normal,Low,0.017959486693143845,Full Agreement (Normal),Both LSTM and Random Forest detect normal consumption,,,
Both Models,Normal,Low,0.016967635601758957,Full Agreement (Normal),Both LSTM and Random Forest detect normal consumption,,,
Both Models,Normal,Low,0.018017828464508057,Full Agreement (Normal),Both LSTM and Random Forest detect normal consumption,,,
Both Models,Normal,Low,0.020778771489858627,Full Agreement (Normal),Both LSTM and Random Forest detect normal consumption,,,
Both Models,Normal,Low,0.018983514979481697,Full Agreement (Normal),Both LSTM and Random Forest detect normal consumption,,,
Both Models,Normal,Low,0.0169906597584486,Full Agreement (Normal),Both LSTM and Random Forest detect normal consumption,,,
Both Models,Normal,Low,0.015388731844723225,Full Agreement (Normal),Both LSTM and Random Forest detect normal consumption,,,
Both Models,Normal,Low,0.015513329766690731,Full Agreement (Normal),Both LSTM and Random Forest detect normal consumption,,,
Both Models,Normal,Low,0.02024167962372303,Full Agreement (Normal),Both LSTM and Random Forest detect normal consumption,,,
Both Models,Normal,Low,0.033168841153383255,Full Agreement (Normal),Both LSTM and Random Forest detect normal consumption,,,
Both Models,Normal,Low,0.04743698611855507,Full Agreement (Normal),Both LSTM and Random Forest detect normal consumption,,,
LSTM,Suspicious,Medium,0.07587441802024841,High,Decision based on LSTM with threshold logic,0.07587441802024841,0.00348078784036568,0.9276063698201172
LSTM,Suspicious,Medium,0.09225781261920929,High,Decision based on LSTM with threshold logic,0.09225781261920929,0.0016254836737862577,0.9093676710545769
LSTM,Suspicious,Medium,0.08504600077867508,High,Decision based on LSTM with threshold logic,0.08504600077867508,0.0023507595253625664,0.9173047587466875
Both Models,Normal,Low,0.05925058200955391,Full Agreement (Normal),Both LSTM and Random Forest detect normal consumption,,,
Both Models,Normal,Low,0.041758302599191666,Full Agreement (Normal),Both LSTM and Random Forest detect normal consumption,,,
Both Models,Normal,Low,0.029355907812714577,Full Agreement (Normal),Both LSTM and Random Forest detect normal consumption,,,
Both Models,Normal,Low,0.060570205779362396,Full Agreement (Normal),Both LSTM and Random Forest detect normal consumption,,,
Both Models,Normal,Low,0.020281502977013588,Full Agreement (Normal),Both LSTM and Random Forest detect normal consumption,,,
Both Models,Normal,Low,0.021444171667099,Full Agreement (Normal),Both LSTM and Random Forest detect normal consumption,,,
Both Models,Normal,Low,0.04168450567874876,Full Agreement (Normal),Both LSTM and Random Forest detect normal consumption,,,
Random Forest,Anomaly,High,0.7460735678138173,Low,Decision based on Random Forest with threshold logic,0.01992838829755783,0.7460735678138173,0.27385482048374055
Random Forest,Suspicious,Medium,0.46621338531757217,Low,Decision based on Random Forest with threshold logic,0.02392774261534214,0.46621338531757217,0.55771435729777
Both Models,Normal,Low,0.02664923295378685,Full Agreement (Normal),Both LSTM and Random Forest detect normal consumption,,,
Both Models,Normal,Low,0.021466147154569626,Full Agreement (Normal),Both LSTM and Random Forest detect normal consumption,,,
Both Models,Normal,Low,0.06630328591016933,Full Agreement (Normal),Both LSTM and Random Forest detect normal consumption,,,
Both Models,Normal,Low,0.017782077193260193,Full Agreement (Normal),Both LSTM and Random Forest detect normal consumption,,,
Both Models,Normal,Low,0.01797766238451004,Full Agreement (Normal),Both LSTM and Random Forest detect normal consumption,,,
Both Models,Normal,Low,0.04224880157489044,Full Agreement (Normal),Both LSTM and Random Forest detect normal consumption,,,
Both Models,Normal,Low,0.020236536860466003,Full Agreement (Normal),Both LSTM and Random Forest detect normal consumption,,,
Both Models,Normal,Low,0.019714606925845146,Full Agreement (Normal),Both LSTM and Random Forest detect normal consumption,,,
Both Models,Normal,Low,0.018841739743947983,Full Agreement (Normal),Both LSTM and Random Forest detect normal consumption,,,
Both Models,Normal,Low,0.01813221164047718,Full Agreement (Normal),Both LSTM and Random Forest detect normal consumption,,,
Both Models,Normal,Low,0.018033701926469803,Full Agreement (Normal),Both LSTM and Random Forest detect normal consumption,,,
Both Models,Normal,Low,0.019465217366814613,Full Agreement (Normal),Both LSTM and Random Forest detect normal consumption,,,
Both Models,Normal,Low,0.023000555112957954,Full Agreement (Normal),Both LSTM and Random Forest detect normal consumption,,,
Both Models,Normal,Low,0.029596904292702675,Full Agreement (Normal),Both LSTM and Random Forest detect normal consumption,,,
Both Models,Normal,Low,0.038112472742795944,Full Agreement (Normal),Both LSTM and Random Forest detect normal consumption,,,
Both Models,Normal,Low,0.029040081426501274,Full Agreement (Normal),Both LSTM and Random Forest detect normal consumption,,,
Both Models,Normal,Low,0.0207001231610775,Full Agreement (Normal),Both LSTM and Random Forest detect normal consumption,,,
Both Models,Normal,Low,0.016829362139105797,Full Agreement (Normal),Both LSTM and Random Forest detect normal consumption,,,
Both Models,Normal,Low,0.016565274447202682,Full Agreement (Normal),Both LSTM and Random Forest detect normal consumption,,,
Both Models,Normal,Low,0.018475903198122978,Full Agreement (Normal),Both LSTM and Random Forest detect normal consumption,,,
Both Models,Normal,Low,0.02079508639872074,Full Agreement (Normal),Both LSTM and Random Forest detect normal consumption,,,
Both Models,Normal,Low,0.023801755160093307,Full Agreement (Normal),Both LSTM and Random Forest detect normal consumption,,,
Both Models,Normal,Low,0.022823011502623558,Full Agreement (Normal),Both LSTM and Random Forest detect normal consumption,,,
Both Models,Normal,Low,0.020954638719558716,Full Agreement (Normal),Both LSTM and Random Forest detect normal consumption,,,
Both Models,Normal,Low,0.02041923999786377,Full Agreement (Normal),Both LSTM and Random Forest detect normal consumption,,,
Both Models,Normal,Low,0.019409513100981712,Full Agreement (Normal),Both LSTM and Random Forest detect normal consumption,,,
Both Models,Normal,Low,0.018149344250559807,Full Agreement (Normal),Both LSTM and Random Forest detect normal consumption,,,
Both Models,Normal,Low,0.018580375239253044,Full Agreement (Normal),Both LSTM and Random Forest detect normal consumption,,,
Both Models,Normal,Low,0.01716705784201622,Full Agreement (Normal),Both LSTM and Random Forest detect normal consumption,,,
Both Models,Normal,Low,0.019696177914738655,Full Agreement (Normal),Both LSTM and Random Forest detect normal consumption,,,
Both Models,Normal,Low,0.03198610618710518,Full Agreement (Normal),Both LSTM and Random Forest detect normal consumption,,,
Both Models,Normal,Low,0.04324115812778473,Full Agreement (Normal),Both LSTM and Random Forest detect normal consumption,,,
Both Models,Normal,Low,0.04053772613406181,Full Agreement (Normal),Both LSTM and Random Forest detect normal consumption,,,
Both Models,Normal,Low,0.03571454808115959,Full Agreement (Normal),Both LSTM and Random Forest detect normal consumption,,,
Both Models,Normal,Low,0.025201886892318726,Full Agreement (Normal),Both LSTM and Random Forest detect normal consumption,,,
Both Models,Normal,Low,0.017594732344150543,Full Agreement (Normal),Both LSTM and Random Forest detect normal consumption,,,
Both Models,Normal,Low,0.01628945954144001,Full Agreement (Normal),Both LSTM and Random Forest detect normal consumption,,,
Both Models,Normal,Low,0.01726561039686203,Full Agreement (Normal),Both LSTM and Random Forest detect normal consumption,,,
Both Models,Normal,Low,0.0200670026242733,Full Agreement (Normal),Both LSTM and Random Forest detect normal consumption,,,
Both Models,Normal,Low,0.029576849192380905,Full Agreement (Normal),Both LSTM and Random Forest detect normal consumption,,,
Both Models,Normal,Low,0.055775560438632965,Full Agreement (Normal),Both LSTM and Random Forest detect normal consumption,,,
Both Models,Normal,Low,0.06827457994222641,Full Agreement (Normal),Both LSTM and Random Forest detect normal consumption,,,
Both Models,Normal,Low,0.05375272035598755,Full Agreement (Normal),Both LSTM and Random Forest detect normal consumption,,,
Both Models,Normal,Low,0.04148891940712929,Full Agreement (Normal),Both LSTM and Random Forest detect normal consumption,,,
Both Models,Normal,Low,0.06231902912259102,Full Agreement (Normal),Both LSTM and Random Forest detect normal consumption,,,
LSTM,Suspicious,Medium,0.18469774723052979,High,Decision based on LSTM with threshold logic,0.18469774723052979,0.0006821566964121622,0.8159844094658824
LSTM,Suspicious,Medium,0.35244107246398926,Low,Decision based on LSTM with threshold logic,0.35244107246398926,0.0033468981235176298,0.6509058256595284
LSTM,Suspicious,Medium,0.378417044878006,Low,Decision based on LSTM with threshold logic,0.378417044878006,0.027008894952697603,0.6485918500746917
LSTM,Suspicious,Medium,0.24011561274528503,Low,Decision based on LSTM with threshold logic,0.24011561274528503,0.00293901324929178,0.7628234005040068
LSTM,Suspicious,Medium,0.09525252878665924,High,Decision based on LSTM with threshold logic,0.09525252878665924,0.0013596846131230115,0.9061071558264637
Both Models,Normal,Low,0.036158282309770584,Full Agreement (Normal),Both LSTM and Random Forest detect normal consumption,,,
Both Models,Normal,Low,0.02475864067673683,Full Agreement (Normal),Both LSTM and Random Forest detect normal consumption,,,
Both Models,Normal,Low,0.024696405977010727,Full Agreement (Normal),Both LSTM and Random Forest detect normal consumption,,,
Random Forest,Critical,Very High,0.9186937821300564,Low,Decision based on Random Forest with threshold logic,0.026357168331742287,0.9186937821300564,0.10766338620168592
Random Forest,Anomaly,High,0.8931792946399507,Low,Decision based on Random Forest with threshold logic,0.032009147107601166,0.8931792946399507,0.13882985246765045
Random Forest,Anomaly,High,0.5812744660828827,Low,Decision based on Random Forest with threshold logic,0.036176785826683044,0.5812744660828827,0.45490231974380035
Both Models,Normal,Low,0.032079145312309265,Full Agreement (Normal),Both LSTM and Random Forest detect normal consumption,,,
Both Models,Normal,Low,0.028288744390010834,Full Agreement (Normal),Both LSTM and Random Forest detect normal consumption,,,
Both Models,Normal,Low,0.021665457636117935,Full Agreement (Normal),Both LSTM and Random Forest detect normal consumption,,,
Both Models,Normal,Low,0.019433261826634407,Full Agreement (Normal),Both LSTM and Random Forest detect normal consumption,,,
Both Models,Normal,Low,0.01851845346391201,Full Agreement (Normal),Both LSTM and Random Forest detect normal consumption,,,
Both Models,Normal,Low,0.018587777391076088,Full Agreement (Normal),Both LSTM and Random Forest detect normal consumption,,,
Both Models,Normal,Low,0.018686240538954735,Full Agreement (Normal),Both LSTM and Random Forest detect normal consumption,,,
Random Forest,Anomaly,High,0.8380501844928504,Low,Decision based on Random Forest with threshold logic,0.02218320406973362,0.8380501844928504,0.18413301957688322
